Row #,Taxon Order,Category,Common Name,Scientific Name,Count,Location,S/P,Date,LocID,SubID,Exotic,Countable
1,11220,species,Black-backed Woodpecker,Picoides arcticus,1,Base de plein air de Ste-Foy,CA-QC,06 Mar 2026,L663110,S306571307,,1
2,8999,species,Northern Hawk Owl,Surnia ulula,1,Aéroport international Jean-Lesage,CA-QC,05 Mar 2026,L606875,S306269227,,1
3,11216,species,American Three-toed Woodpecker,Picoides dorsalis,1,Base de plein air de Ste-Foy,CA-QC,05 Mar 2026,L663110,S306257654,,1
4,9323,species,Powerful Owl,Ninox strenua,2,Royal Botanic Gardens (Sydney),AU-NSW,24 Nov 2025,L915566,S285898510,,1
5,19708,species,Australasian Figbird,Sphecotheres vieilloti,2,Royal Botanic Gardens (Sydney),AU-NSW,24 Nov 2025,L915566,S285893084,,1
6,5339,species,Lewin's Rail,Lewinia pectoralis,1,Rotary Centennial Park (Kingston Beach),AU-TAS,23 Nov 2025,L2548356,S285703468,,1
7,3768,species,Tawny Frogmouth,Podargus strigoides,1,Knocklofty Reserve,AU-TAS,22 Nov 2025,L2548533,S285513715,,1
8,18369,species,Scrubtit,Acanthornis magna,1,Junee Cave State Reserve,AU-TAS,20 Nov 2025,L2548873,S285246874,,1
9,18141,species,Strong-billed Honeyeater,Melithreptus validirostris,1,Junee Cave State Reserve,AU-TAS,20 Nov 2025,L2548873,S285246874,,1
10,7214,species,Short-tailed Shearwater,Ardenna tenuirostris,12,The Neck Rookery,AU-TAS,19 Nov 2025,L1482875,S285143488,,1
11,19814,species,Black Currawong,Strepera fuliginosa,1,"3688–3730 Bruny Island Main Rd, Alonnah AU-TAS -43.31371, 147.27388",AU-TAS,19 Nov 2025,L55253169,S285139795,,1
12,7417,species,Black-faced Cormorant,Phalacrocorax fuscescens,2,Cape Bruny,AU-TAS,19 Nov 2025,L1482910,S285124407,,1
13,12445,species,Swift Parrot,Lathamus discolor,2,Hundred Acre Hideaway (restricted access),AU-TAS,19 Nov 2025,L29756764,S285116367,,1
14,21831,species,Dusky Robin,Melanodryas vittata,1,Inala (restricted access),AU-TAS,19 Nov 2025,L942969,S285114568,,1
15,21766,species,Pink Robin,Petroica rodinogaster,2,Inala (restricted access),AU-TAS,19 Nov 2025,L942969,S285114568,,1
16,20995,species,Satin Flycatcher,Myiagra cyanoleuca,2,Inala (restricted access),AU-TAS,19 Nov 2025,L942969,S285114568,,1
17,18398,species,Tasmanian Thornbill,Acanthiza ewingii,1,Inala (restricted access),AU-TAS,19 Nov 2025,L942969,S285114568,,1
18,18306,species,Tasmanian Scrubwren,Sericornis humilis,1,Inala (restricted access),AU-TAS,19 Nov 2025,L942969,S285114568,,1
19,18231,species,Forty-spotted Pardalote,Pardalotus quadragintus,4,Inala (restricted access),AU-TAS,19 Nov 2025,L942969,S285114568,,1
20,12479,species,Green Rosella,Platycercus caledonicus,2,Inala (restricted access),AU-TAS,19 Nov 2025,L942969,S285114568,,1
21,7000,species,White-capped Albatross,Thalassarche cauta,1,The Neck Rookery,AU-TAS,18 Nov 2025,L1482875,S285003227,,1
22,18131,species,Black-headed Honeyeater,Melithreptus affinis,1,Peter Murrell Reserves,AU-TAS,18 Nov 2025,L1168823,S284993389,,1
23,18119,species,Yellow-throated Honeyeater,Nesoptilotis flavicollis,1,Peter Murrell Reserves,AU-TAS,18 Nov 2025,L1168823,S284993389,,1
24,17869,species,Yellow Wattlebird,Anthochaera paradoxa,1,Browns River Saltmarsh and Estuary,AU-TAS,18 Nov 2025,L16987490,S284983793,,1
25,5450,species,Tasmanian Nativehen,Tribonyx mortierii,3,Kingston Stormwater Wetlands,AU-TAS,18 Nov 2025,L2498851,S284976571,,1
26,6166,species,Red Knot,Calidris canutus,10,"Beach Rd, Point Wilson",AU-VIC,16 Nov 2025,L46984038,S284648976,,1
27,6033,species,Bar-tailed Godwit,Limosa lapponica,6,"Beach Rd, Point Wilson",AU-VIC,16 Nov 2025,L46984038,S284648976,,1
28,498,species,Australasian Shoveler,Spatula rhynchotis,5,"Beach Rd, Point Wilson",AU-VIC,16 Nov 2025,L46984038,S284648976,,1
29,6024,species,Far Eastern Curlew,Numenius madagascariensis,1,"Riverside Ave, Ocean Grove",AU-VIC,15 Nov 2025,L16052106,S284495342,,1
30,5837,species,Hooded Plover,Thinornis cucullatus,2,Point Roadknight,AU-VIC,15 Nov 2025,L2547426,S284476977,,1
31,17628,species,Southern Emuwren,Stipiturus malachurus,1,Eumeralla Flora Reserve,AU-VIC,15 Nov 2025,L2547646,S284457848,,1
32,12438,species,Blue-winged Parrot,Neophema chrysostoma,1,Point Addis,AU-VIC,15 Nov 2025,L921929,S284448570,,1
33,6181,species,Sharp-tailed Sandpiper,Calidris acuminata,,Western Treatment Plant--Ponds 28-30 and Adjacent Coast (restricted access),AU-VIC,14 Nov 2025,L2548494,S284358969,,1
34,375,species,Freckled Duck,Stictonetta naevosa,2,Western Treatment Plant--Ponds 28-30 and Adjacent Coast (restricted access),AU-VIC,14 Nov 2025,L2548494,S284358969,,1
35,18266,species,Striated Fieldwren,Calamanthus fuliginosus,1,Avalon Saltworks--Pond A10,AU-VIC,14 Nov 2025,L7014345,S284353554,,1
36,6720,species,Whiskered Tern,Chlidonias hybrida,1,Avalon Beach,AU-VIC,14 Nov 2025,L2550213,S284352819,,1
37,6682,species,Little Tern,Sternula albifrons,1,Avalon Beach,AU-VIC,14 Nov 2025,L2550213,S284352819,,1
38,6186,species,Red-necked Stint,Calidris ruficollis,1,Avalon Beach,AU-VIC,14 Nov 2025,L2550213,S284352819,,1
39,5940,species,Red-capped Plover,Anarhynchus ruficapillus,1,Avalon Beach,AU-VIC,14 Nov 2025,L2550213,S284352819,,1
40,31603,species,Eurasian Tree Sparrow,Passer montanus,1,Serendip Sanctuary,AU-VIC,14 Nov 2025,L1818531,S284346430,N,1
41,372,species,Cape Barren Goose,Cereopsis novaehollandiae,4,Serendip Sanctuary,AU-VIC,14 Nov 2025,L1818531,S284346430,,1
42,236,species,Magpie Goose,Anseranas semipalmata,5,Serendip Sanctuary,AU-VIC,14 Nov 2025,L1818531,S284346430,,1
43,8225,species,Brown Goshawk,Tachyspiza fasciata,1,Big Rock Road Dam,AU-VIC,14 Nov 2025,L5778682,S284342440,,1
44,17504,species,Superb Lyrebird,Menura novaehollandiae,1,Mt St Leonard,AU-VIC,13 Nov 2025,L2552533,S284210428,,1
45,19374,species,Olive Whistler,Pachycephala olivacea,1,Mt St Leonard,AU-VIC,13 Nov 2025,L2552533,S284219865,,1
46,18252,species,Pilotbird,Pycnoptilus floccosus,1,Mt St Leonard,AU-VIC,13 Nov 2025,L2552533,S284219865,,1
47,18099,species,Crescent Honeyeater,Phylidonyris pyrrhopterus,1,Toolangi State Forest--Wirrawilla Rainforest,AU-VIC,13 Nov 2025,L2301671,S284195246,,1
48,20338,species,Australian Rufous Fantail,Rhipidura rufifrons,1,Toolangi State Forest--Wirrawilla Rainforest,AU-VIC,13 Nov 2025,L2301671,S284185848,,1
49,18388,species,Striated Thornbill,Acanthiza lineata,1,Badger Creek Caravan and Holiday Park,AU-VIC,12 Nov 2025,L2551363,S284097240,,1
50,7610,species,Nankeen Night Heron,Nycticorax caledonicus,1,Chiltern-Mt Pilot National Park--Chiltern Valley #1 Dam,AU-VIC,12 Nov 2025,L2300532,S284079402,,1
51,19604,species,Olive-backed Oriole,Oriolus sagittatus,2,Chiltern I85 Bushland Reserve,AU-VIC,12 Nov 2025,L23648911,S284077440,,1
52,18138,species,Black-chinned Honeyeater,Melithreptus gularis,2,Chiltern-Mt Pilot National Park--Barnawartha Depot Road,AU-VIC,12 Nov 2025,L13170290,S284059663,,1
53,6297,species,Painted Buttonquail,Turnix varius,1,Chiltern-Mt Pilot National Park--Barnawartha Depot Road,AU-VIC,12 Nov 2025,L13170290,S284059663,,1
54,17892,species,Fuscous Honeyeater,Ptilotula fusca,1,Chiltern-Mt Pilot National Park--Bartleys Block,AU-VIC,11 Nov 2025,L1192699,S283964368,,1
55,6094,species,Latham's Snipe,Gallinago hardwickii,3,"Lake King, Rutherglen",AU-VIC,11 Nov 2025,L3139323,S283959490,,1
56,17799,species,Yellow-tufted Honeyeater,Lichenostomus melanops,1,"Shanley St, Wangaratta",AU-VIC,11 Nov 2025,L2550526,S283950518,,1
57,31014,species,Diamond Firetail,Stagonopleura guttata,2,Warby-Ovens National Park--Nason Springs,AU-VIC,11 Nov 2025,L2904903,S283947043,,1
58,21834,species,Hooded Robin,Melanodryas cucullata,1,Warby-Ovens National Park--Nason Springs,AU-VIC,11 Nov 2025,L2904903,S283947043,,1
59,20997,species,Restless Flycatcher,Myiagra inquieta,2,Warby-Ovens National Park--Nason Springs,AU-VIC,11 Nov 2025,L2904903,S283947043,,1
60,18466,species,White-throated Gerygone,Gerygone olivacea,1,Warby-Ovens National Park--Nason Springs,AU-VIC,11 Nov 2025,L2904903,S283947043,,1
61,12442,species,Turquoise Parrot,Neophema pulchella,1,Warby-Ovens National Park--Nason Springs,AU-VIC,11 Nov 2025,L2904903,S283947043,,1
62,6343,species,Australian Pratincole,Glareola isabella,1,"Warwillah Rd, Wanganella (no access away from roadway)",AU-NSW,10 Nov 2025,L7738455,S283855987,,1
63,5966,species,Plains-wanderer,Pedionomus torquatus,1,"Warwillah Rd, Wanganella (no access away from roadway)",AU-NSW,10 Nov 2025,L7738455,S283855987,,1
64,5890,species,Banded Lapwing,Vanellus tricolor,44,"Warwillah Rd, Wanganella (no access away from roadway)",AU-NSW,10 Nov 2025,L7738455,S283855987,,1
65,18120,species,Blue-faced Honeyeater,Entomyzon cyanotis,1,Wanganella,AU-NSW,10 Nov 2025,L7738464,S283856056,,1
66,3315,species,Horsfield's Bronze-Cuckoo,Chalcites basalis,2,Eight Mile Creek at Wanganella,AU-NSW,10 Nov 2025,L2543236,S283856305,,1
67,3814,species,Australian Owlet-nightjar,Aegotheles cristatus,1,"Cobb Highway at -35.333, 144.848",AU-NSW,10 Nov 2025,L7738433,S283855815,,1
68,19002,species,Eastern Shrike-tit,Falcunculus frontatus,1,Murray Valley Regional Park--Deniliquin Town Block,AU-NSW,10 Nov 2025,L10100482,S283808018,,1
69,7925,species,Square-tailed Kite,Lophoictinia isura,1,Murray Valley Regional Park--Deniliquin Town Block,AU-NSW,10 Nov 2025,L10100482,S283808018,,1
70,18504,species,Gray-crowned Babbler,Pomatostomus temporalis,4,Pretty Pine,AU-NSW,10 Nov 2025,L2541584,S283802736,,1
71,18488,species,Western Gerygone,Gerygone fusca,1,Pretty Pine,AU-NSW,10 Nov 2025,L2541584,S283802736,,1
72,18179,species,Painted Honeyeater,Grantiella picta,2,Pretty Pine,AU-NSW,10 Nov 2025,L2541584,S283802736,,1
73,18417,species,Buff-rumped Thornbill,Acanthiza reguloides,1,Murray Valley National Park--Gulpa Island,AU-NSW,10 Nov 2025,L943119,S283784029,,1
74,18384,species,Yellow Thornbill,Acanthiza nana,3,Murray Valley National Park--Gulpa Island,AU-NSW,10 Nov 2025,L943119,S283784029,,1
75,3318,species,Shining Bronze-Cuckoo,Chalcites lucidus,1,Murray Valley National Park--Gulpa Island,AU-NSW,10 Nov 2025,L943119,S283784029,,1
76,19761,species,Dusky Woodswallow,Artamus cyanopterus,5,Murray Valley National Park--Gulpa Creek Reed Beds,AU-NSW,10 Nov 2025,L2480595,S283759296,,1
77,18181,species,Little Friarbird,Philemon citreogularis,1,"Island Sanctuary, Deniliquin",AU-NSW,09 Nov 2025,L2747615,S283628839,,1
78,12260,species,Superb Parrot,Polytelis swainsonii,5,"Island Sanctuary, Deniliquin",AU-NSW,09 Nov 2025,L2747615,S283628839,,1
79,12645,species,Musk Lorikeet,Trichoglossus concinnus,2,"75 Murray Valley Hwy, Lake Boga AU-VIC -35.45490, 143.62915",AU-VIC,09 Nov 2025,L54937972,S283613995,,1
80,19818,species,Gray Currawong,Strepera versicolor,1,Hattah-Kulkyne National Park--Visitors Centre,AU-VIC,09 Nov 2025,L2557495,S283596332,,1
81,19784,species,Pied Butcherbird,Cracticus nigrogularis,1,Hattah-Kulkyne National Park--Old Calder Hwy,AU-VIC,09 Nov 2025,L2555670,S283586036,,1
82,18178,species,Striped Honeyeater,Plectorhyncha lanceolata,1,Hattah-Kulkyne National Park--Old Calder Hwy,AU-VIC,09 Nov 2025,L2555670,S283586036,,1
83,17607,species,Striated Grasswren,Amytornis striatus,1,Hattah-Kulkyne National Park--Southern Truck Stop,AU-VIC,09 Nov 2025,L2557163,S283564348,,1
84,12261,species,Regent Parrot,Polytelis anthopeplus,5,Hattah-Kulkyne National Park--Lake Hattah Campground,AU-VIC,08 Nov 2025,L3978848,S283380447,,1
85,19750,species,White-browed Woodswallow,Artamus superciliosus,40,Yarrara Flora and Fauna Reserve,AU-VIC,08 Nov 2025,L937591,S283358920,,1
86,19749,species,Masked Woodswallow,Artamus personatus,10,Yarrara Flora and Fauna Reserve,AU-VIC,08 Nov 2025,L937591,S283358920,,1
87,18515,species,Chestnut-crowned Babbler,Pomatostomus ruficeps,2,Yarrara Flora and Fauna Reserve,AU-VIC,08 Nov 2025,L937591,S283358920,,1
88,17582,species,White-browed Treecreeper,Climacteris affinis,1,Meringur Nature Conservation Reserve,AU-VIC,08 Nov 2025,L2557690,S283347600,,1
89,17883,species,Yellow-plumed Honeyeater,Ptilotula ornata,1,Murray-Sunset National Park--Millewa South Bore Track at Pheenys Track,AU-VIC,07 Nov 2025,L38127494,S283230168,,1
90,21607,species,Little Crow,Corvus bennetti,1,Murray-Sunset National Park--Shearers Quarters,AU-VIC,07 Nov 2025,L2556520,S283231513,,1
91,19476,species,Golden Whistler,Pachycephala pectoralis,2,Murray-Sunset National Park--Shearers Quarters,AU-VIC,07 Nov 2025,L2556520,S283231513,,1
92,18257,species,Shy Heathwren,Hylacola cauta,1,Murray-Sunset National Park--Shearers Quarters,AU-VIC,07 Nov 2025,L2556520,S283231513,,1
93,18113,species,White-eared Honeyeater,Nesoptilotis leucotis,4,Murray-Sunset National Park--Shearers Quarters,AU-VIC,07 Nov 2025,L2556520,S283231513,,1
94,17786,species,White-fronted Honeyeater,Purnella albifrons,1,Murray-Sunset National Park--Shearers Quarters,AU-VIC,07 Nov 2025,L2556520,S283231513,,1
95,814,species,Malleefowl,Leipoa ocellata,3,Murray-Sunset National Park--Shearers Quarters,AU-VIC,07 Nov 2025,L2556520,S283231513,,1
96,21014,species,White-winged Chough,Corcorax melanorhamphos,1,Murray-Sunset National Park--Taplan Gate,AU-VIC,07 Nov 2025,L38990623,S283231538,,1
97,18532,species,Chestnut Quail-thrush,Cinclosoma castanotum,1,Murray-Sunset National Park--Taplan Gate,AU-VIC,07 Nov 2025,L38990623,S283231538,,1
98,12091,species,Black Falcon,Falco subniger,1,"71–115 Middleton Rd, Loxton AU-SA -34.47338, 140.59692",AU-SA,07 Nov 2025,L54849035,S283177742,,1
99,21747,species,Red-capped Robin,Petroica goodenovii,2,"Whitedam Conservation Park, Maude AU-SA -33.92653, 139.49638",AU-SA,06 Nov 2025,L54830749,S283077148,,1
100,18989,species,Crested Bellbird,Oreoica gutturalis,1,"Whitedam Conservation Park, Maude AU-SA -33.92653, 139.49638",AU-SA,06 Nov 2025,L54830749,S283077148,,1
101,18372,species,Southern Whiteface,Aphelocephala leucopsis,2,"Whitedam Conservation Park, Maude AU-SA -33.92653, 139.49638",AU-SA,06 Nov 2025,L54830749,S283077148,,1
102,17664,species,Splendid Fairywren,Malurus splendens,2,"Whitedam Conservation Park, Maude AU-SA -33.92653, 139.49638",AU-SA,06 Nov 2025,L54830749,S283077148,,1
103,12508,species,Greater Bluebonnet,Northiella haematogaster,3,"Whitedam Conservation Park, Maude AU-SA -33.92653, 139.49638",AU-SA,06 Nov 2025,L54830749,S283077148,,1
104,23867,species,Brown Songlark,Cincloramphus cruralis,1,Yongala,AU-SA,06 Nov 2025,L3146383,S283069087,,1
105,12439,species,Elegant Parrot,Neophema elegans,1,The Outback Hwy at Moralana Creek,AU-SA,06 Nov 2025,L2536082,S283063153,,1
106,21804,species,Southern Scrub-Robin,Drymodes brunneopygia,1,Ikara-Flinders Ranges National Park--Arkaroo Rock,AU-SA,06 Nov 2025,L1900087,S283067524,,1
107,9332,species,Australian Boobook,Ninox boobook,1,Ikara-Flinders Ranges National Park--Wilpena Pound,AU-SA,05 Nov 2025,L1239946,S282962836,,1
108,21017,species,Apostlebird,Struthidea cinerea,6,Ikara-Flinders Ranges National Park--Wilpena Pound Campground,AU-SA,05 Nov 2025,L2536104,S282947450,,1
109,19773,species,Gray Butcherbird,Cracticus torquatus,1,Ikara-Flinders Ranges National Park--Wilpena Pound Campground,AU-SA,05 Nov 2025,L2536104,S282947450,,1
110,18235,species,Striated Pardalote,Pardalotus striatus,1,Ikara-Flinders Ranges National Park--Bunyeroo Gorge,AU-SA,05 Nov 2025,L2401515,S282936928,,1
111,18415,species,Chestnut-rumped Thornbill,Acanthiza uropygialis,3,Ikara-Flinders Ranges National Park--Brachina Gorge Lookout,AU-SA,05 Nov 2025,L4913364,S282936967,,1
112,18281,species,Weebill,Smicrornis brevirostris,1,Ikara-Flinders Ranges National Park--Brachina Gorge Lookout,AU-SA,05 Nov 2025,L4913364,S282936967,,1
113,18255,species,Redthroat,Pyrrholaemus brunneus,1,Ikara-Flinders Ranges National Park--Brachina Gorge Lookout,AU-SA,05 Nov 2025,L4913364,S282936967,,1
114,17896,species,Gray-fronted Honeyeater,Ptilotula plumula,2,Ikara-Flinders Ranges National Park--Brachina Gorge Lookout,AU-SA,05 Nov 2025,L4913364,S282936967,,1
115,17813,species,Yellow-throated Miner,Manorina flavigula,2,Ikara-Flinders Ranges National Park--Brachina Gorge Lookout,AU-SA,05 Nov 2025,L4913364,S282936967,,1
116,12472,species,Australian Ringneck,Barnardius zonarius,1,Ikara-Flinders Ranges National Park--Brachina Gorge Lookout,AU-SA,05 Nov 2025,L4913364,S282936967,,1
117,9828,species,Rainbow Bee-eater,Merops ornatus,3,Ikara-Flinders Ranges National Park--Brachina Gorge Lookout,AU-SA,05 Nov 2025,L4913364,S282936967,,1
118,2233,species,Peaceful Dove,Geopelia placida,1,Ikara-Flinders Ranges National Park--Brachina Gorge Lookout,AU-SA,05 Nov 2025,L4913364,S282936967,,1
119,31035,species,Zebra Finch,Taeniopygia guttata,4,The Outback Hwy at Warriota Creek,AU-SA,05 Nov 2025,L4944954,S282936994,,1
120,19558,species,Rufous Whistler,Pachycephala rufiventris,3,The Outback Hwy at Warriota Creek,AU-SA,05 Nov 2025,L4944954,S282936994,,1
121,24026,species,White-backed Swallow,Cheramoeca leucosterna,2,"Birdsville Track, Marree Station AU-SA -29.57233, 138.15251",AU-SA,04 Nov 2025,L54803797,S282937024,,1
122,23850,species,Little Grassbird,Poodytes gramineus,2,Muloorina Station,AU-SA,04 Nov 2025,L2554517,S282802832,,1
123,7924,species,Black-breasted Kite,Hamirostra melanosternon,1,Muloorina Station,AU-SA,04 Nov 2025,L2554517,S282802832,,1
124,5706,species,Brolga,Antigone rubicunda,2,Muloorina Station,AU-SA,04 Nov 2025,L2554517,S282802832,,1
125,5448,species,Black-tailed Nativehen,Tribonyx ventralis,1,Muloorina Station,AU-SA,04 Nov 2025,L2554517,S282802832,,1
126,3316,species,Black-eared Cuckoo,Chalcites osculans,1,Muloorina Station,AU-SA,04 Nov 2025,L2554517,S282802832,,1
127,18271,species,Rufous Fieldwren,Calamanthus campestris,1,Callanna Creek at Oodnadatta Track,AU-SA,04 Nov 2025,L2553205,S282802858,,1
128,17616,species,Thick-billed Grasswren,Amytornis modestus,1,Callanna Creek at Oodnadatta Track,AU-SA,04 Nov 2025,L2553205,S282802858,,1
129,19753,species,Black-faced Woodswallow,Artamus cinereus,6,"17–29 Mulgaria Rd, Witchelina AU-SA -30.06746, 138.13051",AU-SA,04 Nov 2025,L54773533,S282786364,,1
130,18539,species,Cinnamon Quail-thrush,Cinclosoma cinnamomeum,2,"17–29 Mulgaria Rd, Witchelina AU-SA -30.06746, 138.13051",AU-SA,04 Nov 2025,L54773533,S282786364,,1
131,17677,species,White-winged Fairywren,Malurus leucopterus,2,"17–29 Mulgaria Rd, Witchelina AU-SA -30.06746, 138.13051",AU-SA,04 Nov 2025,L54773533,S282786364,,1
132,5776,species,Banded Stilt,Cladorhynchus leucocephalus,1,"17–29 Mulgaria Rd, Witchelina AU-SA -30.06746, 138.13051",AU-SA,04 Nov 2025,L54773533,S282786364,,1
133,18983,species,Chirruping Wedgebill,Psophodes cristatus,2,Farina,AU-SA,04 Nov 2025,L2554790,S282786422,,1
134,17858,species,Spiny-cheeked Honeyeater,Acanthagenys rufogularis,1,Farina,AU-SA,04 Nov 2025,L2554790,S282786422,,1
135,17654,species,Purple-backed Fairywren,Malurus assimilis,2,Farina,AU-SA,04 Nov 2025,L2554790,S282786422,,1
136,12517,species,Mulga Parrot,Psephotellus varius,2,Farina,AU-SA,04 Nov 2025,L2554790,S282786422,,1
137,10123,species,Red-backed Kingfisher,Todiramphus pyrrhopygius,1,Kanyaka Waterhole/Death Rock,AU-SA,03 Nov 2025,L2536882,S282662207,,1
138,18810,species,White-winged Triller,Lalage tricolor,1,Port Gawler Conservation Park,AU-SA,03 Nov 2025,L2555831,S282631617,,1
139,18411,species,Slender-billed Thornbill,Acanthiza iredalei,3,Port Gawler Conservation Park,AU-SA,03 Nov 2025,L2555831,S282631617,,1
140,18393,species,Inland Thornbill,Acanthiza apicalis,1,Port Gawler Conservation Park,AU-SA,03 Nov 2025,L2555831,S282631617,,1
141,5457,species,Australian Crake,Porzana fluminea,1,Port Gawler Conservation Park,AU-SA,03 Nov 2025,L2555831,S282631617,,1
142,7375,species,Australasian Darter,Anhinga novaehollandiae,1,Sydney Airport Wetlands,AU-NSW,31 Oct 2025,L2557248,S282123952,,1
143,32989,species,Tocuyo Sparrow,Arremonops tocuyensis,1,Vía a La Plazoleta,CO-LAG,09 Apr 2025,L6492602,S224196660,,1
144,14887,species,Red-billed Scythebill,Campylorhamphus trochilirostris,1,Vía a La Plazoleta,CO-LAG,09 Apr 2025,L6492602,S224196660,,1
145,13596,species,Black-backed Antshrike,Thamnophilus melanonotus,1,Vía a La Plazoleta,CO-LAG,09 Apr 2025,L6492602,S224196660,,1
147,16358,species,Pearly-vented Tody-Tyrant,Hemitriccus margaritaceiventer,1,SFF Los Flamencos--Resguardo Perratpu/Sendero Mainshi-Rutshi,CO-LAG,09 Apr 2025,L6492604,S224113903,,1
148,15652,species,White-whiskered Spinetail,Synallaxis candei,2,SFF Los Flamencos--Resguardo Perratpu/Sendero Mainshi-Rutshi,CO-LAG,09 Apr 2025,L6492604,S224113903,,1
149,35799,species,Orinocan Saltator,Saltator orenocensis,6,SFF Los Flamencos--Resguardo Perratpu/Sendero Mainshi-Rutshi,CO-LAG,09 Apr 2025,L6492604,S224096608,,1
150,35633,species,Pileated Finch,Coryphospingus pileatus,4,SFF Los Flamencos--Resguardo Perratpu/Sendero Mainshi-Rutshi,CO-LAG,09 Apr 2025,L6492604,S224096608,,1
151,5028,species,Buffy Hummingbird,Leucippus fallax,2,SFF Los Flamencos--Resguardo Perratpu/Sendero Mainshi-Rutshi,CO-LAG,09 Apr 2025,L6492604,S224096608,,1
152,34514,species,Vermilion Cardinal,Cardinalis phoeniceus,2,SFF Los Flamencos--Resguardo Perratpu/Boca de Camarones,CO-LAG,09 Apr 2025,L2080823,S224053174,,1
153,16836,species,Slender-billed Tyrannulet,Inezia tenuirostris,1,SFF Los Flamencos--Resguardo Perratpu/Boca de Camarones,CO-LAG,09 Apr 2025,L2080823,S224053174,,1
154,1952,species,Bare-eyed Pigeon,Patagioenas corensis,1,SFF Los Flamencos--Resguardo Perratpu/Boca de Camarones,CO-LAG,09 Apr 2025,L2080823,S224053174,,1
155,4912,species,Coppery Emerald,Chlorostilbon russatus,1,El Campano,CO-MAG,08 Apr 2025,L11802673,S223934047,,1
156,31988,species,Blue-naped Chlorophonia,Chlorophonia cyanea,5,Bellavista--Vereda,CO-MAG,08 Apr 2025,L2146838,S223933895,,1
157,873,species,Band-tailed Guan,Penelope argyrotis,1,Bellavista--Vereda,CO-MAG,08 Apr 2025,L2146838,S223933895,,1
158,2380,species,Lined Quail-Dove,Zentrygon linearis,1,"Santa Marta (Dist. ESP. ), Santa Marta CO-Magdalena 11.09748, -74.07725",CO-MAG,07 Apr 2025,L42260412,S223757802,,1
159,33034,species,Sierra Nevada Brushfinch,Arremon basilicus,1,"Santa Marta (Dist. ESP. ), Santa Marta CO-Magdalena 11.09748, -74.07725",CO-MAG,07 Apr 2025,L42260412,S223736577,,1
160,14560,species,Gray-throated Leaftosser,Sclerurus albigularis,1,"Santa Marta (Dist. ESP. ), Santa Marta CO-Magdalena 11.09748, -74.07725",CO-MAG,07 Apr 2025,L42260412,S223736577,,1
161,14427,species,Santa Marta Tapaculo,Scytalopus sanctaemartae,1,"Santa Marta (Dist. ESP. ), Santa Marta CO-Magdalena 11.09748, -74.07725",CO-MAG,07 Apr 2025,L42260412,S223736577,,1
162,10855,species,Groove-billed Toucanet,Aulacorhynchus sulcatus,2,"Santa Marta (Dist. ESP. ), Santa Marta CO-Magdalena 11.09748, -74.07725",CO-MAG,07 Apr 2025,L42260412,S223736577,,1
163,16803,species,Spectacled Tyrannulet,Zimmerius improbus,3,Pozo Azul,CO-MAG,07 Apr 2025,L3235744,S223736248,,1
164,34994,species,Black-headed Tanager,Stilpnia cyanoptera,1,Cuchilla San Lorenzo,CO-MAG,06 Apr 2025,L2146871,S223736301,,1
165,17151,species,Santa Marta Bush-Tyrant,Myiotheretes pernix,2,Cuchilla de San Lorenzo--Torres,CO-MAG,06 Apr 2025,L4603955,S223519971,,1
166,15657,species,Rusty-headed Spinetail,Synallaxis fuscorufa,1,Cuchilla de San Lorenzo--Torres,CO-MAG,06 Apr 2025,L4603955,S223519971,,1
167,4646,species,White-tailed Starfrontlet,Coeligena phalerata,3,Cuchilla de San Lorenzo--Torres,CO-MAG,06 Apr 2025,L4603955,S223519971,,1
168,34871,species,Black-cheeked Mountain Tanager,Anisognathus melanogenys,2,Cuchilla San Lorenzo,CO-MAG,06 Apr 2025,L2146871,S223403184,,1
169,34383,species,Yellow-crowned Redstart,Myioborus flavivertex,2,Cuchilla San Lorenzo,CO-MAG,06 Apr 2025,L2146871,S223403184,,1
170,34290,species,Santa Marta Warbler,Myiothlypis basilica,1,Cuchilla San Lorenzo,CO-MAG,06 Apr 2025,L2146871,S223403184,,1
171,27628,species,Hermit Wood-Wren,Henicorhina anachoreta,1,Cuchilla San Lorenzo,CO-MAG,06 Apr 2025,L2146871,S223403184,,1
172,17181,species,Yellow-bellied Chat-Tyrant,Silvicultrix diadema,1,Cuchilla San Lorenzo,CO-MAG,06 Apr 2025,L2146871,S223403184,,1
173,15521,species,Streak-capped Spinetail,Cranioleuca hellmayri,6,Cuchilla San Lorenzo,CO-MAG,06 Apr 2025,L2146871,S223403184,,1
174,14243,species,Santa Marta Antpitta,Grallaria bangsi,2,Cuchilla San Lorenzo,CO-MAG,06 Apr 2025,L2146871,S223403184,,1
175,13051,species,Santa Marta Parakeet,Pyrrhura viridicata,1,Cuchilla San Lorenzo,CO-MAG,06 Apr 2025,L2146871,S223403184,,1
176,10845,species,Southern Emerald-Toucanet,Aulacorhynchus albivitta,1,Cuchilla San Lorenzo,CO-MAG,06 Apr 2025,L2146871,S223403184,,1
177,9511,species,White-tipped Quetzal,Pharomachrus fulgidus,1,Cuchilla San Lorenzo,CO-MAG,06 Apr 2025,L2146871,S223403184,,1
178,8448,species,White-rumped Hawk,Parabuteo leucorrhous,1,Cuchilla San Lorenzo,CO-MAG,06 Apr 2025,L2146871,S223403184,,1
179,4945,species,Santa Marta Blossomcrown,Anthocephala floriceps,1,El Campano,CO-MAG,05 Apr 2025,L11802673,S223259248,,1
180,35731,species,Dull-colored Grassquit,Asemospiza obscura,2,El Campano,CO-MAG,05 Apr 2025,L11802673,S223237915,,1
181,34330,species,White-lored Warbler,Myiothlypis conspicillata,2,El Campano,CO-MAG,05 Apr 2025,L11802673,S223237915,,1
182,33458,species,Santa Marta Brushfinch,Atlapetes melanocephalus,4,El Campano,CO-MAG,05 Apr 2025,L11802673,S223237915,,1
183,13873,species,Santa Marta Antbird,Drymophila hellmayri,1,El Campano,CO-MAG,05 Apr 2025,L11802673,S223237915,,1
184,33063,species,Golden-winged Sparrow,Arremon schlegeli,1,Reserve Natural Adentro,CO-MAG,05 Apr 2025,L21832864,S223177962,,1
185,28667,species,Black-hooded Thrush,Turdus olivater,1,Reserve Natural Adentro,CO-MAG,05 Apr 2025,L21832864,S223177962,,1
186,13189,species,Scarlet-fronted Parakeet,Psittacara wagleri,12,"Auto selected 11.13116, -74.10957",CO-MAG,05 Apr 2025,L42133673,S223145676,,1
187,16319,species,Pale-eyed Pygmy-Tyrant,Atalotriccus pilaris,1,Pozo Azul,CO-MAG,05 Apr 2025,L3235744,S223132230,,1
188,11100,species,Chestnut Piculet,Picumnus cinnamomeus,2,Via Parque Isla de Salamanca--Centro Administrativo Los Cocos,CO-MAG,04 Apr 2025,L1856337,S222944042,,1
189,5156,species,Sapphire-bellied Hummingbird,Chrysuronia lilliae,2,Via Parque Isla de Salamanca--Centro Administrativo Los Cocos,CO-MAG,04 Apr 2025,L1856337,S222944042,,1
190,2278,species,Scaled Dove,Columbina squammata,2,Via Parque Isla de Salamanca--Centro Administrativo Los Cocos,CO-MAG,04 Apr 2025,L1856337,S222944042,,1
191,6707,species,Large-billed Tern,Phaetusa simplex,2,Malecón Puerta de Oro,CO-ATL,04 Apr 2025,L6695349,S222858526,,1
192,5631,species,Yellow-breasted Crake,Laterallus flaviventer,1,Ciénaga del Totumo--Volcán del Totumo,CO-BOL,03 Apr 2025,L5222257,S222685739,,1
193,34662,species,Hooded Tanager,Nemosia pileata,1,Agrícola Camelias,CO-BOL,02 Apr 2025,L15083845,S222506241,,1
194,12984,species,Turquoise-winged Parrotlet,Forpus spengeli,1,Agrícola Camelias,CO-BOL,02 Apr 2025,L15083845,S222468822,,1
195,970,species,Chestnut-winged Chachalaca,Ortalis garrula,2,Agrícola Camelias,CO-BOL,02 Apr 2025,L15083845,S222468822,,1
196,234,species,Northern Screamer,Chauna chavaria,1,Agrícola Camelias,CO-BOL,02 Apr 2025,L15083845,S222468822,,1
197,15037,species,Caribbean Hornero,Furnarius longirostris,3,"Auto selected 10.35207, -75.42743",CO-BOL,01 Apr 2025,L41982305,S222359696,,1
198,34953,species,Glaucous Tanager,Thraupis glaucocolpa,1,Matute Birding Nature Reserve,CO-BOL,01 Apr 2025,L24053056,S222264034,,1
199,32011,species,Trinidad Euphonia,Euphonia trinitatis,1,Matute Birding Nature Reserve,CO-BOL,01 Apr 2025,L24053056,S222264034,,1
200,27422,species,Stripe-backed Wren,Campylorhynchus nuchalis,3,Matute Birding Nature Reserve,CO-BOL,01 Apr 2025,L24053056,S222264034,,1
201,27107,species,Tropical Gnatcatcher,Polioptila plumbea,1,Matute Birding Nature Reserve,CO-BOL,01 Apr 2025,L24053056,S222264034,,1
202,10407,species,Russet-throated Puffbird,Hypnelus ruficollis,1,Matute Birding Nature Reserve,CO-BOL,01 Apr 2025,L24053056,S222264034,,1
203,7715,species,Malagasy Pond-Heron,Ardeola idae,1,Parc de Tsarasaotra (Lac Alarobia),MG-T,17 Nov 2024,L8083407,S202747664,,1
204,7639,species,Black Heron,Egretta ardesiaca,5,Parc de Tsarasaotra (Lac Alarobia),MG-T,17 Nov 2024,L8083407,S202747664,,1
205,5317,species,White-throated Rail,Dryolimnas cuvieri,4,Parc de Tsarasaotra (Lac Alarobia),MG-T,17 Nov 2024,L8083407,S202747664,,1
206,533,species,Meller's Duck,Anas melleri,10,Parc de Tsarasaotra (Lac Alarobia),MG-T,17 Nov 2024,L8083407,S202747664,,1
207,29646,species,Littoral Rock-Thrush,Monticola imerina,1,"Route Sans Nom, Anakao, Atsimo-Andrefana, MG (-23,647, 43,653)",MG-U,15 Nov 2024,L38038020,S202791261,,1
208,6919,species,Red-tailed Tropicbird,Phaethon rubricauda,3,Ranomafana NP—Sahamalaotra Track,MG-F,15 Nov 2024,L10007555,S202519485,,1
209,6665,species,Sooty Tern,Onychoprion fuscatus,1,"MG (-23,633, 43,601)",MG-U,15 Nov 2024,L38036757,S202791296,,1
210,6306,species,Crab-Plover,Dromas ardeola,50,"MG (-23,633, 43,601)",MG-U,15 Nov 2024,L38036757,S202791296,,1
211,6783,species,Lesser Crested Tern,Thalasseus bengalensis,1,"MG (-23,465, 43,682)",MG-U,15 Nov 2024,L38036784,S202791306,,1
212,20005,species,Lafresnaye's Vanga,Xenopirostris xenopirostris,1,Aire protégée Tsinjoriake,MG-U,14 Nov 2024,L8022895,S202475930,,1
213,23622,species,Subdesert Brush-Warbler,Nesillas lantzii,3,"Route Sans Nom, Atsimo-Andrefana, MG (-23,527, 43,759)",MG-U,14 Nov 2024,L38019029,S202475933,,1
214,19981,species,Red-shouldered Vanga,Calicalicus rufocarpalis,2,"Route Sans Nom, Atsimo-Andrefana, MG (-23,527, 43,759)",MG-U,14 Nov 2024,L38019029,S202475933,,1
215,3065,species,Verreaux's Coua,Coua verreauxi,1,"Route Sans Nom, Atsimo-Andrefana, MG (-23,527, 43,759)",MG-U,14 Nov 2024,L38019029,S202475933,,1
216,7879,species,Madagascar Cuckoo-Hawk,Aviceda madagascariensis,1,Ifaty--spiny forest reserves,MG-U,13 Nov 2024,L920191,S202371087,,1
217,5831,species,Common Ringed Plover,Charadrius hiaticula,2,Ifaty--salt pans,MG-U,13 Nov 2024,L3099280,S202342521,,1
218,7774,species,Humblot's Heron,Ardea humbloti,1,Ifaty--salt pans,MG-U,13 Nov 2024,L3099280,S202372442,,1
219,6012,species,Eurasian Whimbrel,Numenius phaeopus,1,Ifaty--salt pans,MG-U,13 Nov 2024,L3099280,S202372442,,1
220,30896,species,Sakalava Weaver,Ploceus sakalava,12,Ifaty--spiny forest reserves,MG-U,13 Nov 2024,L920191,S202372400,,1
221,19969,species,Archbold's Newtonia,Newtonia archboldi,2,Ifaty--spiny forest reserves,MG-U,13 Nov 2024,L920191,S202372400,,1
222,10373,species,Long-tailed Ground-Roller,Uratelornis chimaera,1,Ifaty--spiny forest reserves,MG-U,13 Nov 2024,L920191,S202372400,,1
223,6302,species,Madagascar Buttonquail,Turnix nigricollis,2,Ifaty--spiny forest reserves,MG-U,13 Nov 2024,L920191,S202372400,,1
224,3071,species,Running Coua,Coua cursor,2,Ifaty--spiny forest reserves,MG-U,13 Nov 2024,L920191,S202372400,,1
225,3068,species,Olive-capped Coua,Coua olivaceiceps,1,Ifaty--spiny forest reserves,MG-U,13 Nov 2024,L920191,S202372400,,1
226,3058,species,Crested Coua,Coua cristata,1,Ifaty--spiny forest reserves,MG-U,13 Nov 2024,L920191,S202372400,,1
227,2860,species,Subdesert Mesite,Monias benschi,1,Ifaty--spiny forest reserves,MG-U,13 Nov 2024,L920191,S202372400,,1
228,23977,species,Appert's Tetraka,Xanthomixis apperti,1,Zombitse-Vohibasia NP,MG-U,12 Nov 2024,L920160,S202373817,,1
229,23964,species,Long-billed Bernieria,Bernieria madagascariensis,2,Zombitse-Vohibasia NP,MG-U,12 Nov 2024,L920160,S202373817,,1
230,20000,species,Sickle-billed Vanga,Falculea palliata,1,Zombitse-Vohibasia NP,MG-U,12 Nov 2024,L920160,S202373817,,1
231,9444,species,Cuckoo-roller,Leptosomus discolor,3,Zombitse-Vohibasia NP,MG-U,12 Nov 2024,L920160,S202373817,,1
232,9132,species,White-browed Owl,Athene superciliaris,1,Zombitse-Vohibasia NP,MG-U,12 Nov 2024,L920160,S202373817,,1
233,3072,species,Giant Coua,Coua gigas,1,Zombitse-Vohibasia NP,MG-U,12 Nov 2024,L920160,S202373817,,1
234,3070,species,Coquerel's Coua,Coua coquereli,1,Zombitse-Vohibasia NP,MG-U,12 Nov 2024,L920160,S202373817,,1
235,12737,species,Gray-headed Lovebird,Agapornis canus,10,Le Relais de la Reine/Le Jardin du Roy,MG-F,12 Nov 2024,L3350363,S202373863,,1
236,9615,species,Madagascar Hoopoe,Upupa marginata,4,Le Relais de la Reine/Le Jardin du Roy,MG-F,12 Nov 2024,L3350363,S202373873,,1
237,2004,species,Malagasy Turtle-Dove,Nesoenas picturatus,2,Le Relais de la Reine/Le Jardin du Roy,MG-F,12 Nov 2024,L3350363,S202373873,,1
238,22407,species,Madagascar Lark,Eremopterix hova,1,"RN7, Ihorombe, MG (-22,412, 46,025)",MG-F,11 Nov 2024,L37967534,S202373972,,1
239,2859,species,Brown Mesite,Mesitornis unicolor,1,Ranomafana NP—Sahamalaotra Track,MG-F,10 Nov 2024,L10007555,S202373978,,1
240,23963,species,White-throated Oxylabes,Oxylabes madagascariensis,1,Ranomafana NP--Varibolo,MG-F,10 Nov 2024,L6342105,S202373980,,1
241,20004,species,Pollen's Vanga,Xenopirostris polleni,1,Ranomafana NP--Varibolo,MG-F,10 Nov 2024,L6342105,S202373980,,1
242,13300,species,Velvet Asity,Philepitta castanea,1,Ranomafana NP--Varibolo,MG-F,10 Nov 2024,L6342105,S201992206,,1
243,10371,species,Scaly Ground-Roller,Geobiastes squamiger,1,Ranomafana NP--Varibolo,MG-F,10 Nov 2024,L6342105,S201992206,,1
244,19991,species,Hook-billed Vanga,Vanga curvirostris,2,Ranomafana NP,MG-F,10 Nov 2024,L10960986,S202373981,,1
245,30895,species,Nelicourvi Weaver,Ploceus nelicourvi,1,Ranomafana NP,MG-F,10 Nov 2024,L10960986,S202373982,,1
246,20001,species,White-headed Vanga,Artamella viridis,1,Ranomafana NP,MG-F,10 Nov 2024,L10960986,S202373982,,1
247,10374,species,Pitta-like Ground-Roller,Atelornis pittoides,2,Ranomafana NP,MG-F,10 Nov 2024,L10960986,S202373982,,1
248,29648,species,Forest Rock-Thrush,Monticola sharpei,1,Ranomafana NP--Telatekely,MG-F,09 Nov 2024,L3341582,S202373983,,1
249,19977,species,Tylas Vanga,Tylas eduardi,1,Ranomafana NP--Telatekely,MG-F,09 Nov 2024,L3341582,S202373983,,1
250,4185,species,Malagasy Palm Swift,Cypsiurus gracilis,10,Ranomafana NP--Telatekely,MG-F,09 Nov 2024,L3341582,S202373983,,1
251,6346,species,Madagascar Pratincole,Glareola ocularis,1,Mangoro River Crossing,MG-A,08 Nov 2024,L3104928,S201831803,,1
252,19983,species,Chabert Vanga,Leptopterus chabert,1,"Alaotra-Mangoro, MG (-18,99, 48,435)",MG-A,08 Nov 2024,L37867592,S201831901,,1
253,2536,species,Madagascar Green-Pigeon,Treron australis,2,Eulophiella,MG-A,08 Nov 2024,L8033539,S201831902,,1
254,1737,species,Madagascar Partridge,Margaroperdix madagarensis,2,Eulophiella,MG-A,08 Nov 2024,L8033539,S201731242,,1
255,12226,species,Lesser Vasa Parrot,Coracopsis nigra,1,Analamazaotra Forest Station,MG-A,07 Nov 2024,L3936735,S202373995,,1
256,30491,species,Malagasy Sunbird,Cinnyris notatus,2,V.O.I. M.M.A (Community Reserve),MG-A,07 Nov 2024,L4943092,S201667901,,1
257,19990,species,Madagascar Blue Vanga,Cyanolanius madagascarinus,2,V.O.I. M.M.A (Community Reserve),MG-A,07 Nov 2024,L4943092,S201667901,,1
258,12012,species,Malagasy Kestrel,Falco newtoni,1,V.O.I. M.M.A (Community Reserve),MG-A,07 Nov 2024,L4943092,S201667901,,1
259,7473,species,Madagascar Ibis,Lophotibis cristata,1,V.O.I. M.M.A (Community Reserve),MG-A,07 Nov 2024,L4943092,S201667901,,1
260,5216,species,Madagascar Forest Rail,Mentocrex kioloides,1,V.O.I. M.M.A (Community Reserve),MG-A,07 Nov 2024,L4943092,S201667901,,1
261,3074,species,Red-breasted Coua,Coua serriana,2,V.O.I. M.M.A (Community Reserve),MG-A,07 Nov 2024,L4943092,S201667901,,1
262,31061,species,Madagascar Munia,Lepidopygia nana,2,Eulophiella,MG-A,07 Nov 2024,L8033539,S202373998,,1
263,30937,species,Forest Fody,Foudia omissa,4,Iaroka Forest,MG-A,07 Nov 2024,L6489758,S202373999,,1
264,27899,species,Madagascar Starling,Hartlaubius auratus,2,Iaroka Forest,MG-A,07 Nov 2024,L6489758,S202373999,,1
265,23967,species,Cryptic Warbler,Cryptosylvicola randrianasoloi,1,Iaroka Forest,MG-A,07 Nov 2024,L6489758,S202373999,,1
266,22922,species,Green Jery,Neomixis viridis,1,Iaroka Forest,MG-A,07 Nov 2024,L6489758,S202373999,,1
267,22917,species,Common Jery,Neomixis tenella,1,Iaroka Forest,MG-A,07 Nov 2024,L6489758,S202373999,,1
268,19986,species,Crossley's Vanga,Mystacornis crossleyi,1,Iaroka Forest,MG-A,07 Nov 2024,L6489758,S202373999,,1
269,19973,species,Dark Newtonia,Newtonia amphichroa,4,Iaroka Forest,MG-A,07 Nov 2024,L6489758,S202373999,,1
270,19970,species,Common Newtonia,Newtonia brunneicauda,1,Iaroka Forest,MG-A,07 Nov 2024,L6489758,S202373999,,1
271,18650,species,Madagascar Cuckooshrike,Ceblepyris cinereus,1,Iaroka Forest,MG-A,07 Nov 2024,L6489758,S202373999,,1
272,12222,species,Greater Vasa Parrot,Coracopsis vasa,2,Iaroka Forest,MG-A,07 Nov 2024,L6489758,S202373999,,1
273,10375,species,Rufous-headed Ground-Roller,Atelornis crossleyi,2,Iaroka Forest,MG-A,07 Nov 2024,L6489758,S202373999,,1
274,9823,species,Olive Bee-eater,Merops superciliosus,3,Iaroka Forest,MG-A,07 Nov 2024,L6489758,S202373999,,1
275,8244,species,Madagascar Sparrowhawk,Accipiter madagascariensis,1,Iaroka Forest,MG-A,07 Nov 2024,L6489758,S202373999,,1
276,7857,species,Madagascar Harrier-Hawk,Polyboroides radiatus,2,Iaroka Forest,MG-A,07 Nov 2024,L6489758,S202373999,,1
277,4124,species,Malagasy Swift,Apus balstoni,2,Iaroka Forest,MG-A,07 Nov 2024,L6489758,S202373999,,1
278,3439,species,Madagascar Cuckoo,Cuculus rochii,3,Iaroka Forest,MG-A,07 Nov 2024,L6489758,S202373999,,1
279,3130,species,Malagasy Coucal,Centropus toulou,2,Iaroka Forest,MG-A,07 Nov 2024,L6489758,S202373999,,1
280,2620,species,Madagascar Blue-Pigeon,Alectroenas madagascariensis,1,Iaroka Forest,MG-A,07 Nov 2024,L6489758,S202373999,,1
281,23705,species,Madagascar Swamp Warbler,Acrocephalus newtoni,1,"Alaotra-Mangoro, MG (-18,99, 48,435)",MG-A,07 Nov 2024,L37867592,S202374001,,1
282,23550,species,Madagascar Cisticola,Cisticola cherina,1,"Alaotra-Mangoro, MG (-18,99, 48,435)",MG-A,07 Nov 2024,L37867592,S202374001,,1
283,24027,species,Mascarene Martin,Phedina borbonica,4,"Alaotra-Mangoro, MG (-18,99, 48,435)",MG-A,07 Nov 2024,L37867592,S202374002,,1
284,25717,species,Malagasy White-eye,Zosterops maderaspatanus,1,Analamazaotra Forest Station,MG-A,06 Nov 2024,L3936735,S202374003,,1
285,23616,species,Malagasy Brush-Warbler,Nesillas typica,1,Analamazaotra Forest Station,MG-A,06 Nov 2024,L3936735,S202374003,,1
286,22925,species,Stripe-throated Jery,Neomixis striatigula,1,Analamazaotra Forest Station,MG-A,06 Nov 2024,L3936735,S202374003,,1
287,19982,species,Nuthatch-Vanga,Hypositta corallirostris,1,Analamazaotra Forest Station,MG-A,06 Nov 2024,L3936735,S202374003,,1
288,8554,species,Madagascar Buzzard,Buteo brachypterus,1,Analamazaotra Forest Station,MG-A,06 Nov 2024,L3936735,S202374003,,1
289,30484,species,Souimanga Sunbird,Cinnyris sovimanga,1,Analamazaotra Forest Station,MG-A,06 Nov 2024,L3936735,S201573687,,1
290,29008,species,Madagascar Magpie-Robin,Copsychus albospecularis,1,Analamazaotra Forest Station,MG-A,06 Nov 2024,L3936735,S201573687,,1
291,24585,species,Malagasy Bulbul,Hypsipetes madagascariensis,2,Analamazaotra Forest Station,MG-A,06 Nov 2024,L3936735,S201573687,,1
292,20430,species,Crested Drongo,Dicrurus forficatus,1,Analamazaotra Forest Station,MG-A,06 Nov 2024,L3936735,S201573687,,1
293,19980,species,Red-tailed Vanga,Calicalicus madagascariensis,1,Analamazaotra Forest Station,MG-A,06 Nov 2024,L3936735,S201573687,,1
294,10011,species,Madagascar Pygmy Kingfisher,Corythornis madagascariensis,1,Analamazaotra Forest Station,MG-A,06 Nov 2024,L3936735,S201573687,,1
295,9263,species,Madagascar Owl,Asio madagascariensis,1,Analamazaotra Forest Station,MG-A,06 Nov 2024,L3936735,S201573687,,1
296,8791,species,Madagascar Scops-Owl,Otus rutilus,1,Analamazaotra Forest Station,MG-A,06 Nov 2024,L3936735,S201573687,,1
297,8179,species,Frances's Sparrowhawk,Tachyspiza francesiae,1,Analamazaotra Forest Station,MG-A,06 Nov 2024,L3936735,S201573687,,1
298,3069,species,Red-fronted Coua,Coua reynaudii,1,Analamazaotra Forest Station,MG-A,06 Nov 2024,L3936735,S201573687,,1
299,3066,species,Blue Coua,Coua caerulea,1,Analamazaotra Forest Station,MG-A,06 Nov 2024,L3936735,S201573687,,1
300,3862,species,Madagascar Spinetail,Zoonavena grandidieri,2,"RN2, Alaotra-Mangoro, MG (-18,933, 48,199)",MG-A,06 Nov 2024,L37854161,S202374004,,1
301,20753,species,Malagasy Paradise-Flycatcher,Terpsiphone mutata,1,"RN2, Manjakandriana, Analamanga, MG (-18,929, 47,82)",MG-T,06 Nov 2024,L37852534,S202374006,,1
302,31677,species,Madagascar Wagtail,Motacilla flaviventris,2,"Auto selected -18.89571, 47.77804",MG-T,06 Nov 2024,L37852429,S201544690,,1
303,10004,species,Malagasy Kingfisher,Corythornis vintsioides,1,"Auto selected -18.89571, 47.77804",MG-T,06 Nov 2024,L37852429,S201544690,,1
304,24045,species,Madagascar Martin,Riparia cowani,1,Tamboho Hotel,MG-T,06 Nov 2024,L10216015,S201541931,,1
305,30929,species,Red Fody,Foudia madagascariensis,3,"Tananarive, Analamanga, MG (-18,89, 47,525)",MG-T,06 Nov 2024,L37849928,S202374010,,1
306,3698,species,Madagascar Nightjar,Caprimulgus madagascariensis,1,"Tananarive, Analamanga, MG (-18,89, 47,525)",MG-T,06 Nov 2024,L37849928,S202374010,,1
307,6591,species,California Gull,Larus californicus,2,Latimer's Landing,US-WA,24 Sep 2024,L2752723,S196385967,,1
310,31977,species,Elegant Euphonia,Chlorophonia elegantissima,1,Curi-Cancha Refugio de Vida Silvestre,CR-P,10 Dec 2023,L1468729,S156080994,,1
311,4794,species,Magenta-throated Woodstar,Philodice bryantae,1,Curi-Cancha Refugio de Vida Silvestre,CR-P,10 Dec 2023,L1468729,S156080994,,1
312,7345,species,Cocos Booby,Sula brewsteri,1,Playa Panama,CR-G,07 Dec 2023,L4375102,S155913705,,1
313,34238,species,Black-cheeked Warbler,Basileuterus melanogenys,2,San Gerardo de Dota--Sendero Catarata,CR-SJ,03 Dec 2023,L830190,S155674783,,1
314,6424,species,Common Murre,Uria aalge,2,Centre d’int. et d’obs. de Cap-de-Bon-Désir,CA-QC,04 Jul 2023,L3769317,S143571727,,1
315,6412,species,Razorbill,Alca torda,2,Centre d’int. et d’obs. de Cap-de-Bon-Désir,CA-QC,04 Jul 2023,L3769317,S143571727,,1
316,6447,species,Little Gull,Hydrocoloeus minutus,1,Point Pelee NP--Tip,CA-ON,14 May 2023,L611224,S137637093,,1
317,249,species,Fulvous Whistling-Duck,Dendrocygna bicolor,10,Lake Apopka Wildlife Drive,US-FL,03 Dec 2022,L298649,S123390040,,1
318,13196,species,Mitred Parakeet,Psittacara mitratus,15,Holiday Park,US-FL,28 Nov 2022,L3107258,S123171645,N,1
319,32966,species,Olive Sparrow,Arremonops rufivirgatus,1,Guacimo Road,CR-P,16 Jun 2022,L1456808,S113178762,,1
320,27515,species,Banded Wren,Thryophilus pleurostictus,1,Guacimo Road,CR-P,16 Jun 2022,L1456808,S113178762,,1
321,3034,species,Lesser Ground-Cuckoo,Morococcyx erythropygus,1,Guacimo Road,CR-P,16 Jun 2022,L1456808,S113178762,,1
322,13097,species,Orange-fronted Parakeet,Eupsittula canicularis,3,Calle La Barca,CR-P,15 Jun 2022,L3541917,S113019818,,1
323,27540,species,Riverside Wren,Cantorchilus semibadius,1,PN Carara-Entrada principal [senderos Quebrada Bonita y Universal],CR-P,15 Jun 2022,L3354750,S113005968,,1
324,19122,species,Ochre-crowned Greenlet,Tunchiornis ochraceiceps,1,PN Carara-Entrada principal [senderos Quebrada Bonita y Universal],CR-P,15 Jun 2022,L3354750,S113005968,,1
325,16324,species,Northern Bentbill,Oncostoma cinereigulare,3,PN Carara-Entrada principal [senderos Quebrada Bonita y Universal],CR-P,15 Jun 2022,L3354750,S113005968,,1
326,14296,species,Streak-chested Antpitta,Hylopezus perspicillatus,1,PN Carara-Entrada principal [senderos Quebrada Bonita y Universal],CR-P,15 Jun 2022,L3354750,S113005968,,1
327,13740,species,Slaty Antwren,Myrmotherula schisticolor,1,PN Carara-Entrada principal [senderos Quebrada Bonita y Universal],CR-P,15 Jun 2022,L3354750,S113005968,,1
328,13539,species,Black-hooded Antshrike,Thamnophilus bridgesi,1,PN Carara-Entrada principal [senderos Quebrada Bonita y Universal],CR-P,15 Jun 2022,L3354750,S113005968,,1
329,10894,species,Fiery-billed Aracari,Pteroglossus frantzii,1,PN Carara-Entrada principal [senderos Quebrada Bonita y Universal],CR-P,15 Jun 2022,L3354750,S113005968,,1
330,2242,species,Inca Dove,Columbina inca,1,Cerro Lodge,CR-P,15 Jun 2022,L1456434,S112983565,,1
331,19180,species,Mangrove Vireo,Vireo pallens,1,Tárcoles--Tour en Bote,CR-P,14 Jun 2022,L1456779,S112965518,,1
332,13152,species,Scarlet Macaw,Ara macao,6,Tárcoles--Tour en Bote,CR-P,14 Jun 2022,L1456779,S112965518,,1
333,12921,species,Yellow-naped Amazon,Amazona auropalliata,2,Tárcoles--Tour en Bote,CR-P,14 Jun 2022,L1456779,S112965518,,1
334,5933,species,Collared Plover,Anarhynchus collaris,2,Tárcoles--Tour en Bote,CR-P,14 Jun 2022,L1456779,S112965518,,1
335,5734,species,Double-striped Thick-knee,Hesperoburhinus bistriatus,12,Tárcoles--Tour en Bote,CR-P,14 Jun 2022,L1456779,S112965518,,1
336,445,species,Muscovy Duck,Cairina moschata,2,Tárcoles--Tour en Bote,CR-P,14 Jun 2022,L1456779,S112965518,,1
337,33724,species,Streak-backed Oriole,Icterus pustulatus,1,Cerro Lodge,CR-P,14 Jun 2022,L1456434,S112945161,,1
338,32915,species,Stripe-headed Sparrow,Peucaea ruficauda,1,Calle La Barca,CR-P,14 Jun 2022,L3541917,S112944888,,1
339,34268,species,Costa Rican Warbler,Basileuterus melanotis,1,Reserva Biológica Bosque Nuboso Monteverde,CR-P,14 Jun 2022,L552342,S112944944,,1
340,28274,species,Slaty-backed Nightingale-Thrush,Catharus fuscater,1,Reserva Biológica Bosque Nuboso Monteverde,CR-P,14 Jun 2022,L552342,S112944944,,1
341,16453,species,Eye-ringed Flatbill,Rhynchocyclus brevirostris,1,Reserva Biológica Bosque Nuboso Monteverde,CR-P,14 Jun 2022,L552342,S112944944,,1
342,17271,species,Rufous Mourner,Rhytipterna holerythra,1,Curi-Cancha Refugio de Vida Silvestre,CR-P,13 Jun 2022,L1468729,S112868615,,1
343,16984,species,Yellowish Flycatcher,Empidonax flavescens,1,Curi-Cancha Refugio de Vida Silvestre,CR-P,13 Jun 2022,L1468729,S112868615,,1
344,15700,species,Long-tailed Manakin,Chiroxiphia linearis,1,Curi-Cancha Refugio de Vida Silvestre,CR-P,13 Jun 2022,L1468729,S112868615,,1
345,4757,species,Purple-throated Mountain-gem,Lampornis calolaemus,1,Curi-Cancha Refugio de Vida Silvestre,CR-P,13 Jun 2022,L1468729,S112868615,,1
346,33358,species,White-eared Ground-Sparrow,Melozone leucotis,1,Monteverde--Hotel de Montaña Monteverde,CR-P,12 Jun 2022,L1850443,S112814927,,1
347,27535,species,Cabanis's Wren,Cantorchilus modestus,1,Monteverde--Hotel de Montaña Monteverde,CR-P,12 Jun 2022,L1850443,S112814927,,1
348,15940,species,Three-wattled Bellbird,Procnias tricarunculatus,4,Monteverde--Hotel de Montaña Monteverde,CR-P,12 Jun 2022,L1850443,S112814927,,1
349,4883,species,Canivet's Emerald,Cynanthus canivetii,1,Monteverde--Hotel de Montaña Monteverde,CR-P,12 Jun 2022,L1850443,S112814927,,1
350,28724,species,White-throated Thrush,Turdus assimilis,1,Arenal Observatory Lodge,CR-A,12 Jun 2022,L436229,S112777693,,1
351,35550,species,Nicaraguan Seed-Finch,Sporophila nuttingi,2,Entrada Los Chiles (El Parque) hasta Caño Negro,CR-A,11 Jun 2022,L3372882,S112726347,,1
352,33880,species,Nicaraguan Grackle,Quiscalus nicaraguensis,1,Refugio mixto Caño Negro,CR-A,11 Jun 2022,L691866,S112726151,,1
353,8852,species,Pacific Screech-Owl,Megascops cooperi,1,Refugio mixto Caño Negro,CR-A,11 Jun 2022,L691866,S112726151,,1
354,7554,species,Agami Heron,Agamia agami,3,Refugio mixto Caño Negro,CR-A,11 Jun 2022,L691866,S112726151,,1
355,34013,species,Olive-crowned Yellowthroat,Geothlypis semiflava,1,Arenal--El Castillo,CR-A,10 Jun 2022,L1156977,S112625573,,1
356,34787,species,White-throated Shrike-Tanager,Lanio leucothorax,2,Arenal Observatory Lodge,CR-A,10 Jun 2022,L436229,S112605831,,1
357,4455,species,Black-crested Coquette,Lophornis helenae,4,Arenal Observatory Lodge,CR-A,10 Jun 2022,L436229,S112605831,,1
358,14315,species,Thicket Antpitta,Myrmothera dives,1,Arenal Observatory Lodge,CR-A,10 Jun 2022,L436229,S112585041,,1
359,5056,species,Blue-vented Hummingbird,Saucerottia hoffmanni,6,Arenal Observatory Lodge,CR-A,10 Jun 2022,L436229,S112585041,,1
360,930,species,Great Curassow,Crax rubra,2,Arenal Observatory Lodge,CR-A,10 Jun 2022,L436229,S112585041,,1
361,32030,species,Yellow-throated Euphonia,Euphonia hirundinacea,1,Sendero Bogarín,CR-A,09 Jun 2022,L3220631,S112605875,,1
362,27509,species,Black-throated Wren,Pheugopedius atrogularis,1,Sendero Bogarín,CR-A,09 Jun 2022,L3220631,S112605875,,1
363,13614,species,Russet Antshrike,Thamnistes anabatinus,1,Sendero Bogarín,CR-A,09 Jun 2022,L3220631,S112605875,,1
364,9167,species,Black-and-white Owl,Strix nigrolineata,1,Sendero Bogarín,CR-A,09 Jun 2022,L3220631,S112605875,,1
365,5432,species,Uniform Crake,Amaurolimnas concolor,1,Sendero Bogarín,CR-A,09 Jun 2022,L3220631,S112605875,,1
366,8445,species,Harris's Hawk,Parabuteo unicinctus,1,Tilajari Hotel Resort,CR-A,09 Jun 2022,L2292251,S112532479,,1
367,10831,species,Prong-billed Barbet,Semnornis frantzii,2,Galeria de Colibrí y Soda Cinchona - Mirador San Fernando,CR-A,09 Jun 2022,L436224,S112532008,,1
368,5019,species,Black-bellied Hummingbird,Eupherusa nigriventris,1,Galeria de Colibrí y Soda Cinchona - Mirador San Fernando,CR-A,09 Jun 2022,L436224,S112532008,,1
369,5008,species,Coppery-headed Emerald,Microchera cupreiceps,1,Galeria de Colibrí y Soda Cinchona - Mirador San Fernando,CR-A,09 Jun 2022,L436224,S112532008,,1
370,4756,species,White-bellied Mountain-gem,Lampornis hemileucus,1,Galeria de Colibrí y Soda Cinchona - Mirador San Fernando,CR-A,09 Jun 2022,L436224,S112532008,,1
371,9890,species,Keel-billed Motmot,Electron carinatum,1,Puerto Viejo de Sarapiqui--Posada Andrea Christina,CR-H,08 Jun 2022,L1252105,S112476750,,1
372,27531,species,Stripe-breasted Wren,Cantorchilus thoracicus,3,Estación Biológica La Selva-OTS,CR-H,08 Jun 2022,L436195,S112459039,,1
373,11798,species,Chestnut-colored Woodpecker,Celeus castaneus,1,Estación Biológica La Selva-OTS,CR-H,08 Jun 2022,L436195,S112459039,,1
374,15951,species,Snowy Cotinga,Carpodectes nitidus,1,Estación Biológica La Selva-OTS,CR-H,08 Jun 2022,L436195,S112439329,,1
375,2347,species,Gray-chested Dove,Leptotila cassinii,1,Estación Biológica La Selva-OTS,CR-H,08 Jun 2022,L436195,S112439329,,1
376,884,species,Crested Guan,Penelope purpurascens,5,Estación Biológica La Selva-OTS,CR-H,08 Jun 2022,L436195,S112439329,,1
377,27536,species,Canebrake Wren,Cantorchilus zeledoni,1,Comandancia de Sarapiquí Road,CR-H,07 Jun 2022,L2941045,S112411699,,1
378,11835,species,Rufous-winged Woodpecker,Piculus simplex,1,Comandancia de Sarapiquí Road,CR-H,07 Jun 2022,L2941045,S112411699,,1
379,8892,species,Crested Owl,Lophostrix cristata,1,Flores,CR-L,07 Jun 2022,L1122705,S112403738,,1
380,15255,species,Fawn-throated Foliage-gleaner,Automolus cervinigularis,1,Rancho Naturalista,CR-C,07 Jun 2022,L468901,S112369645,,1
381,19287,species,Yellow-green Vireo,Vireo flavoviridis,1,"Calle Santa Rosa, Turrialba CR-Cartago 9.81993, -83.55438",CR-C,06 Jun 2022,L19506771,S112340630,,1
382,17438,species,Sulphur-bellied Flycatcher,Myiodynastes luteiventris,1,"Calle Santa Rosa, Turrialba CR-Cartago 9.81993, -83.55438",CR-C,06 Jun 2022,L19506771,S112340630,,1
383,7477,species,Green Ibis,Mesembrinibis cayennensis,2,"Calle Santa Rosa, Turrialba CR-Cartago 9.81993, -83.55438",CR-C,06 Jun 2022,L19506771,S112340630,,1
384,34966,species,Speckled Tanager,Ixothraupis guttata,1,Refugio de Vida Silvestre La Marta (Pejibaye),CR-C,06 Jun 2022,L3504258,S112320203,,1
385,34493,species,Carmiol's Tanager,Chlorothraupis carmioli,2,Refugio de Vida Silvestre La Marta (Pejibaye),CR-C,06 Jun 2022,L3504258,S112320203,,1
386,28303,species,Black-headed Nightingale-Thrush,Catharus mexicanus,1,Refugio de Vida Silvestre La Marta (Pejibaye),CR-C,06 Jun 2022,L3504258,S112320203,,1
387,14029,species,Dull-mantled Antbird,Sipia laemosticta,1,Rancho Naturalista,CR-C,05 Jun 2022,L468901,S112257955,,1
388,5005,species,Snowcap,Microchera albocoronata,1,Rancho Naturalista,CR-C,05 Jun 2022,L468901,S112248629,,1
389,33362,species,Cabanis's Ground-Sparrow,Melozone cabanisi,1,Ujarrás (Cartago),CR-C,05 Jun 2022,L2356602,S112233075,,1
390,33321,species,Large-footed Finch,Pezopetes capitalis,1,Savegre Valley--Miriam's Restaurant,CR-SJ,05 Jun 2022,L1577770,S112233255,,1
391,1170,species,Spotted Wood-Quail,Odontophorus guttatus,4,"Batsú Gardens, Savegre",CR-SJ,05 Jun 2022,L7272525,S112193627,,1
392,35046,species,Spangle-cheeked Tanager,Tangara dowii,1,San Gerardo de Dota,CR-SJ,04 Jun 2022,L448041,S112126477,,1
393,16895,species,Dark Pewee,Contopus lugubris,1,San Gerardo de Dota,CR-SJ,04 Jun 2022,L448041,S112126477,,1
394,9508,species,Resplendent Quetzal,Pharomachrus mocinno,3,San Gerardo de Dota,CR-SJ,04 Jun 2022,L448041,S112126477,,1
395,4856,species,Scintillant Hummingbird,Selasphorus scintilla,1,San Gerardo de Dota,CR-SJ,04 Jun 2022,L448041,S112126477,,1
396,34382,species,Collared Redstart,Myioborus torquatus,1,"Batsú Gardens, Savegre",CR-SJ,04 Jun 2022,L7272525,S112126386,,1
397,33446,species,Yellow-thighed Brushfinch,Atlapetes tibialis,1,"Batsú Gardens, Savegre",CR-SJ,04 Jun 2022,L7272525,S112126386,,1
398,31999,species,Golden-browed Chlorophonia,Chlorophonia callophrys,2,"Batsú Gardens, Savegre",CR-SJ,04 Jun 2022,L7272525,S112126386,,1
399,28646,species,Mountain Thrush,Turdus plebejus,1,"Batsú Gardens, Savegre",CR-SJ,04 Jun 2022,L7272525,S112126386,,1
400,2372,species,Buff-fronted Quail-Dove,Zentrygon costaricensis,1,"Batsú Gardens, Savegre",CR-SJ,04 Jun 2022,L7272525,S112126386,,1
401,28294,species,Ruddy-capped Nightingale-Thrush,Catharus frantzii,1,Savegre Hotel,CR-SJ,04 Jun 2022,L501858,S112097326,,1
402,28181,species,Black-faced Solitaire,Myadestes melanops,1,Savegre Hotel,CR-SJ,04 Jun 2022,L501858,S112097326,,1
403,19221,species,Yellow-winged Vireo,Vireo carmioli,1,Savegre Hotel,CR-SJ,04 Jun 2022,L501858,S112097326,,1
404,13072,species,Sulphur-winged Parakeet,Pyrrhura hoffmanni,8,Savegre Hotel,CR-SJ,04 Jun 2022,L501858,S112097326,,1
405,14941,species,Spot-crowned Woodcreeper,Lepidocolaptes affinis,1,Savegre Hotel,CR-SJ,03 Jun 2022,L501858,S112060413,,1
406,5015,species,Stripe-tailed Hummingbird,Eupherusa eximia,1,Savegre Hotel,CR-SJ,03 Jun 2022,L501858,S112060413,,1
407,34442,species,Flame-colored Tanager,Piranga bidentata,2,Savegre Valley--Miriam's Restaurant,CR-SJ,03 Jun 2022,L1577770,S112058604,,1
408,33157,species,Volcano Junco,Junco vulcani,4,PN Los Quetzales--Cerro Buenavista communication towers,CR-SJ,03 Jun 2022,L1126301,S112058530,,1
409,28631,species,Sooty Thrush,Turdus nigrescens,2,PN Los Quetzales--Cerro Buenavista communication towers,CR-SJ,03 Jun 2022,L1126301,S112058530,,1
410,27299,species,Timberline Wren,Thryorchilus browni,1,PN Los Quetzales--Cerro Buenavista communication towers,CR-SJ,03 Jun 2022,L1126301,S112058530,,1
411,35310,species,Slaty Flowerpiercer,Diglossa plumbea,1,Paraiso Quetzal Lodge - Km 70,CR-SJ,03 Jun 2022,L1457094,S112058480,,1
412,34549,species,Black-thighed Grosbeak,Pheucticus tibialis,1,Paraiso Quetzal Lodge - Km 70,CR-SJ,03 Jun 2022,L1457094,S112058480,,1
413,33971,species,Flame-throated Warbler,Oreothlypis gutturalis,1,Paraiso Quetzal Lodge - Km 70,CR-SJ,03 Jun 2022,L1457094,S112058480,,1
414,32864,species,Sooty-capped Chlorospingus,Chlorospingus pileatus,1,Paraiso Quetzal Lodge - Km 70,CR-SJ,03 Jun 2022,L1457094,S112058480,,1
415,29908,species,Long-tailed Silky-flycatcher,Ptiliogonys caudatus,1,Paraiso Quetzal Lodge - Km 70,CR-SJ,03 Jun 2022,L1457094,S112058480,,1
416,29900,species,Black-and-yellow Silky-flycatcher,Phainoptila melanoxantha,1,Paraiso Quetzal Lodge - Km 70,CR-SJ,03 Jun 2022,L1457094,S112058480,,1
417,28253,species,Black-billed Nightingale-Thrush,Catharus gracilirostris,1,Paraiso Quetzal Lodge - Km 70,CR-SJ,03 Jun 2022,L1457094,S112058480,,1
418,16996,species,Black-capped Flycatcher,Empidonax atriceps,1,Paraiso Quetzal Lodge - Km 70,CR-SJ,03 Jun 2022,L1457094,S112058480,,1
419,15300,species,Ruddy Treerunner,Margarornis rubiginosus,1,Paraiso Quetzal Lodge - Km 70,CR-SJ,03 Jun 2022,L1457094,S112058480,,1
420,15012,species,Buffy Tuftedcheek,Pseudocolaptes lawrencii,1,Paraiso Quetzal Lodge - Km 70,CR-SJ,03 Jun 2022,L1457094,S112058480,,1
421,4852,species,Volcano Hummingbird,Selasphorus flammula,5,Paraiso Quetzal Lodge - Km 70,CR-SJ,03 Jun 2022,L1457094,S112058480,,1
422,4762,species,White-throated Mountain-gem,Lampornis castaneoventris,1,Paraiso Quetzal Lodge - Km 70,CR-SJ,03 Jun 2022,L1457094,S112058480,,1
423,4736,species,Fiery-throated Hummingbird,Panterpe insignis,8,Paraiso Quetzal Lodge - Km 70,CR-SJ,03 Jun 2022,L1457094,S112058480,,1
424,4724,species,Talamanca Hummingbird,Eugenes spectabilis,7,Paraiso Quetzal Lodge - Km 70,CR-SJ,03 Jun 2022,L1457094,S112058480,,1
425,27401,species,Rufous-backed Wren,Campylorhynchus capistratus,2,Hotel Bougainvillea,CR-H,03 Jun 2022,L487975,S112022395,,1
426,13187,species,Crimson-fronted Parakeet,Psittacara finschi,8,Hotel Bougainvillea,CR-H,03 Jun 2022,L487975,S112022395,,1
427,11180,species,Hoffmann's Woodpecker,Melanerpes hoffmannii,1,Hotel Bougainvillea,CR-H,03 Jun 2022,L487975,S112022395,,1
429,13128,species,Nanday Parakeet,Aratinga nenday,1,North Lido Beach Park,US-FL,13 Apr 2022,L871818,S106960257,N,1
430,6231,species,Western Sandpiper,Calidris mauri,5,San Carlos Bay/Bunche Beach Preserve,US-FL,12 Apr 2022,L301036,S106853941,,1
431,13142,species,Chestnut-fronted Macaw,Ara severus,3,Miller Drive Roost (Brewer Park),US-FL,10 Apr 2022,L578426,S106727010,P,1
433,12819,species,Monk Parakeet,Myiopsitta monachus,2,Frost Park,US-FL,05 Apr 2022,L8849724,S106322849,N,1
434,33750,species,Spot-breasted Oriole,Icterus pectoralis,2,Highland Oaks Park,US-FL,25 Mar 2022,L3098639,S105553914,N,1
435,9133,species,Burrowing Owl,Athene cunicularia,4,Markham Park,US-FL,23 Mar 2022,L2933693,S105420679,,1
436,3594,species,Chuck-will's-widow,Antrostomus carolinensis,1,Green Cay Wetlands & Nature Center,US-FL,22 Mar 2022,L246929,S105358092,,1
437,13164,species,Blue-crowned Parakeet,Thectocercus acuticaudatus,5,Topeekeegee Yugnee Park,US-FL,18 Mar 2022,L578423,S105090547,P,1
438,32664,species,Lapland Longspur,Calcarius lapponicus,2,"9104–9180 Castor Rd, Ottawa CA-ON 45.18859, -75.38533",CA-ON,16 Feb 2022,L17763147,S102737530,,1
439,748,species,Barrow's Goldeneye,Bucephala islandica,1,Ottawa--Rideau River Eastern Pathway north of Hurdman Bridge,CA-ON,10 Jan 2022,L8184252,S100506914,,1
440,32085,species,Evening Grosbeak,Hesperiphona vespertina,1,PN du Mt-Tremblant--Secteur Tremblant,CA-QC,13 Jan 2021,L3335256,S79202991,,1
441,16951,species,Alder Flycatcher,Empidonax alnorum,1,"Osgoode, Ottawa CA-ON (45.2238,-75.6297)",CA-ON,06 Aug 2020,L9160902,S72160828,,1
442,6119,species,Wilson's Phalarope,Phalaropus tricolor,1,Richmond CA (formerly Richmond Sewage Lagoons),CA-ON,09 May 2020,L348844,S68722980,,1
443,32542,species,White-winged Crossbill,Loxia leucoptera,2,Parc de la Gatineau--Ch. Eardley Masham,CA-QC,15 Mar 2020,L1630986,S65834278,,1
444,1885,species,Common Wood-Pigeon,Columba palumbus,1,Jetée et Port des Pâquis,CH-GE,15 Feb 2020,L926699,S64523020,,1
445,22114,species,Eurasian Blue Tit,Cyanistes caeruleus,2,Promenade Jacquet (Le Pâquier)--Lac d'Annecy,FR-ARA,15 Feb 2020,L9486575,S64490073,,1
446,31948,species,Common Chaffinch,Fringilla coelebs,2,"Les Menuires, Saint-Martin-de-Belleville FR-Rhône-Alpes (45.3220,6.5270)",FR-ARA,09 Feb 2020,L10715950,S64306841,,1
447,22175,species,Great Tit,Parus major,2,Val Thorens,FR-ARA,05 Feb 2020,L4931202,S64156399,,1
448,21467,species,Eurasian Magpie,Pica pica,1,Val Thorens,FR-ARA,05 Feb 2020,L4931202,S64156399,,1
449,11993,species,Eurasian Kestrel,Falco tinnunculus,1,"Liane, Copponex FR-Rhône-Alpes (46.0566,6.0795)",FR-ARA,01 Feb 2020,L10659212,S63993845,,1
450,5081,species,Indigo-capped Hummingbird,Saucerottia cyanifrons,10,Jardín Encantado,CO-CUN,24 Nov 2019,L17644333,S61713814,,1
451,28745,species,Pale-breasted Thrush,Turdus leucomelas,1,Laguna El Tabacal,CO-CUN,24 Nov 2019,L1252637,S61700588,,1
452,16034,species,Cinereous Becard,Pachyramphus rufus,1,Laguna El Tabacal,CO-CUN,24 Nov 2019,L1252637,S61700588,,1
453,11467,species,Red-rumped Woodpecker,Veniliornis kirkii,1,Laguna El Tabacal,CO-CUN,24 Nov 2019,L1252637,S61700588,,1
454,15403,species,Streak-backed Canastero,Asthenes wyatti,1,"(6.1768,-72.7664)",CO-BOY,22 Nov 2019,L10178303,S61654603,,1
455,33908,species,Mountain Grackle,Macroagelaius subalaris,15,DRMI Bosques Secos del Chicamocha--Vereda La Costa,CO-BOY,22 Nov 2019,L3216165,S61648501,,1
456,4161,species,White-tipped Swift,Aeronautes montivagus,4,"Soata - Boavita, Boavita CO-Boyaca (6.3256,-72.6527)",CO-BOY,21 Nov 2019,L10181488,S61635512,,1
457,28256,species,Orange-billed Nightingale-Thrush,Catharus aurantiirostris,1,DRMI Bosques Secos del Chicamocha--Vereda La Costa,CO-BOY,21 Nov 2019,L3216165,S61626495,,1
458,27530,species,Niceforo's Wren,Thryophilus nicefori,2,DRMI Bosques Secos del Chicamocha--Vereda La Costa,CO-BOY,21 Nov 2019,L3216165,S61626495,,1
459,27429,species,Bicolored Wren,Campylorhynchus griseus,3,DRMI Bosques Secos del Chicamocha--Vereda La Costa,CO-BOY,21 Nov 2019,L3216165,S61626495,,1
460,17316,species,Apical Flycatcher,Myiarchus apicalis,1,DRMI Bosques Secos del Chicamocha--Vereda La Costa,CO-BOY,21 Nov 2019,L3216165,S61626495,,1
461,5082,species,Chestnut-bellied Hummingbird,Saucerottia castaneiventris,1,DRMI Bosques Secos del Chicamocha--Vereda La Costa,CO-BOY,21 Nov 2019,L3216165,S61626495,,1
462,4896,species,Red-billed Emerald,Chlorostilbon gibsoni,1,DRMI Bosques Secos del Chicamocha--Vereda La Costa,CO-BOY,21 Nov 2019,L3216165,S61626495,,1
463,33448,species,Moustached Brushfinch,Atlapetes albofrenatus,1,RNSC Rogitama Biodiversidad (Acceso Restringido),CO-BOY,20 Nov 2019,L23874322,S61603403,,1
464,7626,species,Whistling Heron,Syrigma sibilatrix,1,RNSC Rogitama Biodiversidad (Acceso Restringido),CO-BOY,19 Nov 2019,L23874322,S61592522,,1
465,4960,species,Lazuline Sabrewing,Campylopterus falcatus,1,RNSC Rogitama Biodiversidad (Acceso Restringido),CO-BOY,19 Nov 2019,L23874322,S61592522,,1
466,4905,species,Short-tailed Emerald,Chlorostilbon poortmani,1,RNSC Rogitama Biodiversidad (Acceso Restringido),CO-BOY,19 Nov 2019,L23874322,S61592522,,1
467,4622,species,Black Inca,Coeligena prunellei,2,RNSC Rogitama Biodiversidad (Acceso Restringido),CO-BOY,19 Nov 2019,L23874322,S61592522,,1
468,35483,species,Grassland Yellow-Finch,Sicalis luteola,6,Gravilleras de Capilla de Siecha,CO-CUN,18 Nov 2019,L2237397,S61552141,,1
469,5304,species,Bogota Rail,Rallus semiplumbeus,3,Gravilleras de Capilla de Siecha,CO-CUN,18 Nov 2019,L2237397,S61552141,,1
470,32627,species,Andean Siskin,Spinus spinescens,3,Reserva Bioandina--Camino de Entrada,CO-CUN,17 Nov 2019,L2694900,S61535405,,1
471,17152,species,Smoky Bush-Tyrant,Myiotheretes fumigatus,1,Reserva Bioandina--Camino de Entrada,CO-CUN,17 Nov 2019,L2694900,S61535405,,1
472,16578,species,White-banded Tyrannulet,Mecocerculus stictopterus,2,Reserva Bioandina--Camino de Entrada,CO-CUN,17 Nov 2019,L2694900,S61535405,,1
473,14453,species,Pale-bellied Tapaculo,Scytalopus griseicollis,7,Reserva Bioandina--Camino de Entrada,CO-CUN,17 Nov 2019,L2694900,S61535405,,1
474,14268,species,Muisca Antpitta,Grallaria rufula,1,Reserva Bioandina--Camino de Entrada,CO-CUN,17 Nov 2019,L2694900,S61535405,,1
475,13067,species,Brown-breasted Parakeet,Pyrrhura calliptera,3,Reserva Bioandina--Camino de Entrada,CO-CUN,17 Nov 2019,L2694900,S61535405,,1
476,9022,species,Andean Pygmy-Owl,Glaucidium jardinii,1,Reserva Bioandina--Camino de Entrada,CO-CUN,17 Nov 2019,L2694900,S61535405,,1
477,4404,species,Longuemare's Sunangel,Heliangelus clarisse,1,Reserva Bioandina--Camino de Entrada,CO-CUN,17 Nov 2019,L2694900,S61535405,,1
478,34912,species,Golden-crowned Tanager,Iridosornis rufivertex,1,Reserva Bioandina--Camino de Entrada,CO-CUN,17 Nov 2019,L2694900,S61517417,,1
479,4654,species,Blue-throated Starfrontlet,Coeligena helianthea,2,Observatorio de Colibries,CO-CUN,16 Nov 2019,L3892139,S61503001,,1
480,4581,species,Glowing Puffleg,Eriocnemis vestita,2,PNN Chingaza (Dept. Cundinamarca),CO-CUN,16 Nov 2019,L1127703,S61503966,,1
481,4529,species,Bronze-tailed Thornbill,Chalcostigma heteropogon,1,PNN Chingaza (Dept. Cundinamarca),CO-CUN,16 Nov 2019,L1127703,S61503966,,1
482,35323,species,Bluish Flowerpiercer,Diglossa caerulescens,4,PNN Chingaza (Dept. Cundinamarca),CO-CUN,16 Nov 2019,L1127703,S61489575,,1
483,35264,species,Rufous-browed Conebill,Conirostrum rufum,2,PNN Chingaza (Dept. Cundinamarca),CO-CUN,16 Nov 2019,L1127703,S61489575,,1
484,34550,species,Black-backed Grosbeak,Pheucticus aureoventris,2,PNN Chingaza (Dept. Cundinamarca),CO-CUN,16 Nov 2019,L1127703,S61489575,,1
485,33480,species,Pale-naped Brushfinch,Atlapetes pallidinucha,1,PNN Chingaza (Dept. Cundinamarca),CO-CUN,16 Nov 2019,L1127703,S61489575,,1
486,15597,species,Silvery-throated Spinetail,Synallaxis subpudica,1,PNN Chingaza (Dept. Cundinamarca),CO-CUN,16 Nov 2019,L1127703,S61489575,,1
487,4652,species,Golden-bellied Starfrontlet,Coeligena bonapartei,1,Parque Natural Chicaque,CO-CUN,15 Nov 2019,L1612184,S61473872,,1
488,35313,species,Rusty Flowerpiercer,Diglossa sittoides,1,Laguna de Pedro Palo,CO-CUN,15 Nov 2019,L1156336,S61468916,,1
489,35147,species,Turquoise Dacnis,Dacnis hartlaubi,1,Laguna de Pedro Palo,CO-CUN,15 Nov 2019,L1156336,S61468916,,1
490,34917,species,Fawn-breasted Tanager,Pipraeidea melanonota,1,Laguna de Pedro Palo,CO-CUN,15 Nov 2019,L1156336,S61468916,,1
491,27498,species,Speckle-breasted Wren,Pheugopedius sclateri,1,Laguna de Pedro Palo,CO-CUN,15 Nov 2019,L1156336,S61468916,,1
492,15522,species,Ash-browed Spinetail,Cranioleuca curtata,1,Laguna de Pedro Palo,CO-CUN,15 Nov 2019,L1156336,S61468916,,1
493,15150,species,Montane Foliage-gleaner,Anabacerthia striaticollis,1,Laguna de Pedro Palo,CO-CUN,15 Nov 2019,L1156336,S61468916,,1
494,14912,species,Brown-billed Scythebill,Campylorhamphus pusillus,1,Laguna de Pedro Palo,CO-CUN,15 Nov 2019,L1156336,S61468916,,1
495,4784,species,Gorgeted Woodstar,Chaetocercus heliodor,1,Laguna de Pedro Palo,CO-CUN,15 Nov 2019,L1156336,S61468916,,1
496,35149,species,Scarlet-thighed Dacnis,Dacnis venusta,1,Jordanal,PA-8,12 Nov 2019,L10146530,S61402528,,1
497,35165,species,Shining Honeycreeper,Cyanerpes lucidus,1,Rio Indio,PA-8,12 Nov 2019,L1532334,S61402411,,1
498,35127,species,Emerald Tanager,Tangara florida,1,Rio Indio,PA-8,12 Nov 2019,L1532334,S61402411,,1
500,27538,species,Isthmian Wren,Cantorchilus elutus,1,"8.3423x-80.2152 - Nov 14, 2016, 11:03 AM",PA-2,10 Nov 2019,L5082475,S61339444,,1
501,16634,species,Yellow Tyrannulet,Capsiempis flaveola,2,"8.3423x-80.2152 - Nov 14, 2016, 11:03 AM",PA-2,10 Nov 2019,L5082475,S61339444,,1
502,16800,species,Mistletoe Tyrannulet,Zimmerius parvus,1,Canopy Lodge,PA-2,09 Nov 2019,L604642,S61299027,,1
503,34185,species,Prairie Warbler,Setophaga discolor,1,Point Pelee NP--Woodland Nature Trail,CA-ON,07 May 2019,L910342,S55971849,,1
504,9253,species,Long-eared Owl,Asio otus,1,Point Pelee NP--Tip,CA-ON,07 May 2019,L611224,S55960536,,1
506,17130,species,Black-billed Shrike-Tyrant,Agriornis montanus,1,PN Antisana--pradera de los ibis y alrededores,EC-N,12 Apr 2019,L2761741,S54867630,,1
507,17103,species,Plain-capped Ground-Tyrant,Muscisaxicola alpinus,1,PN Antisana--pradera de los ibis y alrededores,EC-N,12 Apr 2019,L2761741,S54867630,,1
508,15092,species,Chestnut-winged Cinclodes,Cinclodes albidiventris,3,PN Antisana--pradera de los ibis y alrededores,EC-N,12 Apr 2019,L2761741,S54867630,,1
509,11973,species,Carunculated Caracara,Daptrius carunculatus,1,PN Antisana--pradera de los ibis y alrededores,EC-N,12 Apr 2019,L2761741,S54867630,,1
510,7810,species,Andean Condor,Vultur gryphus,5,PN Antisana--pradera de los ibis y alrededores,EC-N,12 Apr 2019,L2761741,S54867630,,1
511,7488,species,Andean Ibis,Theristicus branickii,25,PN Antisana--pradera de los ibis y alrededores,EC-N,12 Apr 2019,L2761741,S54867630,,1
512,6882,species,Silvery Grebe,Podiceps occipitalis,10,PN Antisana--pradera de los ibis y alrededores,EC-N,12 Apr 2019,L2761741,S54867630,,1
513,6470,species,Andean Gull,Chroicocephalus serranus,40,PN Antisana--pradera de los ibis y alrededores,EC-N,12 Apr 2019,L2761741,S54867630,,1
514,5506,species,Slate-colored Coot,Fulica ardesiaca,20,PN Antisana--pradera de los ibis y alrededores,EC-N,12 Apr 2019,L2761741,S54867630,,1
515,4718,species,Giant Hummingbird,Patagona gigas,1,PN Antisana--pradera de los ibis y alrededores,EC-N,12 Apr 2019,L2761741,S54867630,,1
516,4487,species,Ecuadorian Hillstar,Oreotrochilus chimborazo,2,PN Antisana--pradera de los ibis y alrededores,EC-N,12 Apr 2019,L2761741,S54867630,,1
517,2302,species,Black-winged Ground Dove,Metriopelia melanoptera,3,PN Antisana--pradera de los ibis y alrededores,EC-N,12 Apr 2019,L2761741,S54867630,,1
518,2368,species,Pallid Dove,Leptotila pallida,1,San Jorge de Milpe,EC-P,11 Apr 2019,L1960641,S54835194,,1
519,14380,species,Ocellated Tapaculo,Acropternis orthonyx,1,Mindo Loma,EC-P,11 Apr 2019,L889462,S54831214,,1
520,9505,species,Golden-headed Quetzal,Pharomachrus auriceps,3,Mindo Loma,EC-P,11 Apr 2019,L889462,S54823917,,1
521,15984,species,Northern Schiffornis,Schiffornis veraepacis,1,San Jorge de Milpe,EC-P,10 Apr 2019,L1960641,S54821408,,1
522,1154,species,Rufous-fronted Wood-Quail,Odontophorus erythrops,2,San Jorge de Milpe,EC-P,10 Apr 2019,L1960641,S54821408,,1
523,16844,species,Flavescent Flycatcher,Myiophobus flavicans,1,San Jorge de Milpe,EC-P,10 Apr 2019,L1960641,S54821403,,1
524,15712,species,Golden-winged Manakin,Masius chrysopterus,1,San Jorge de Milpe,EC-P,10 Apr 2019,L1960641,S54821403,,1
525,15166,species,Lineated Foliage-gleaner,Syndactyla subalaris,1,San Jorge de Milpe,EC-P,10 Apr 2019,L1960641,S54821403,,1
526,12797,species,Blue-fronted Parrotlet,Touit dilectissimus,4,San Jorge de Milpe,EC-P,10 Apr 2019,L1960641,S54821403,,1
527,9527,species,Blue-tailed Trogon,Trogon comptus,1,San Jorge de Milpe,EC-P,10 Apr 2019,L1960641,S54821403,,1
528,34499,species,Ochre-breasted Tanager,Chlorothraupis stolzmanni,1,San Jorge de Milpe,EC-P,10 Apr 2019,L1960641,S54776617,,1
529,28310,species,Speckled Nightingale-Thrush,Catharus maculatus,1,San Jorge de Milpe,EC-P,10 Apr 2019,L1960641,S54776617,,1
530,16248,species,Marble-faced Bristle-Tyrant,Pogonotriccus ophthalmicus,1,San Jorge de Milpe,EC-P,10 Apr 2019,L1960641,S54776617,,1
531,15211,species,Ruddy Foliage-gleaner,Clibanornis rubiginosus,1,San Jorge de Milpe,EC-P,10 Apr 2019,L1960641,S54776617,,1
532,14055,species,Zeledon's Antbird,Hafferia zeledoni,2,San Jorge de Milpe,EC-P,10 Apr 2019,L1960641,S54776617,,1
533,16912,species,Western Wood-Pewee,Contopus sordidulus,1,San Jorge de Milpe,EC-P,09 Apr 2019,L1960641,S54821401,,1
534,15036,species,Pacific Hornero,Furnarius cinnamomeus,2,San Jorge de Milpe,EC-P,09 Apr 2019,L1960641,S54821401,,1
535,19116,species,Slaty-capped Shrike-Vireo,Vireolanius leucotis,1,Rio Silanche Bird Sanctuary,EC-P,09 Apr 2019,L1396974,S54759993,,1
536,16301,species,Black-capped Pygmy-Tyrant,Myiornis atricapillus,2,Rio Silanche Bird Sanctuary,EC-P,09 Apr 2019,L1396974,S54759271,,1
537,5189,species,Purple-chested Hummingbird,Polyerata rosenbergi,1,Rio Silanche Bird Sanctuary,EC-P,09 Apr 2019,L1396974,S54759271,,1
538,35846,species,Slate-colored Grosbeak,Saltator grossus,1,Rio Silanche--general area,EC-P,09 Apr 2019,L1641819,S54744606,,1
539,24123,species,White-thighed Swallow,Atticora tibialis,1,Rio Silanche--general area,EC-P,09 Apr 2019,L1641819,S54744606,,1
540,35789,species,Black-winged Saltator,Saltator atripennis,2,San Jorge de Milpe,EC-P,08 Apr 2019,L1960641,S54727042,,1
541,35203,species,Guira Tanager,Hemithraupis guira,1,San Jorge de Milpe,EC-P,08 Apr 2019,L1960641,S54727042,,1
542,35027,species,Blue-necked Tanager,Stilpnia cyanicollis,2,San Jorge de Milpe,EC-P,08 Apr 2019,L1960641,S54727042,,1
543,34324,species,Choco Warbler,Myiothlypis chlorophrys,1,San Jorge de Milpe,EC-P,08 Apr 2019,L1960641,S54723055,,1
544,32847,species,Yellow-throated Chlorospingus,Chlorospingus flavigularis,1,San Jorge de Milpe,EC-P,08 Apr 2019,L1960641,S54723055,,1
545,33844,species,Scrub Blackbird,Dives warczewiczi,1,Milpe Bird Sanctuary (including former Milpe Gardens),EC-P,08 Apr 2019,L493675,S54718299,,1
546,17162,species,Masked Water-Tyrant,Fluvicola nengeta,2,Milpe Bird Sanctuary (including former Milpe Gardens),EC-P,08 Apr 2019,L493675,S54718299,,1
547,16802,species,Choco Tyrannulet,Zimmerius albigularis,1,Milpe Bird Sanctuary (including former Milpe Gardens),EC-P,08 Apr 2019,L493675,S54718299,,1
548,16305,species,Scale-crested Pygmy-Tyrant,Lophotriccus pileatus,1,Milpe Bird Sanctuary (including former Milpe Gardens),EC-P,08 Apr 2019,L493675,S54718299,,1
549,13055,species,Maroon-tailed Parakeet,Pyrrhura melanura,12,Milpe Bird Sanctuary (including former Milpe Gardens),EC-P,08 Apr 2019,L493675,S54718299,,1
550,10939,species,Choco Toucan,Ramphastos brevis,1,Milpe Bird Sanctuary (including former Milpe Gardens),EC-P,08 Apr 2019,L493675,S54718299,,1
551,32901,species,Dusky Chlorospingus,Chlorospingus semifuscus,1,San Tadeo Birdwatching (Feeders),EC-P,08 Apr 2019,L9410437,S54712012,,1
552,28766,species,Ecuadorian Thrush,Turdus maculirostris,1,Tandayapa--San Jorge Tandayapa,EC-P,08 Apr 2019,L1907810,S54707862,,1
553,12895,species,Bronze-winged Parrot,Pionus chalcopterus,9,Tulipe--museum and archaeological site,EC-P,07 Apr 2019,L2691355,S54688834,,1
554,35196,species,Golden-collared Honeycreeper,Iridophanes pulcherrimus,2,Reserva Mashpi-Amagusa (Sergio y Doris),EC-P,07 Apr 2019,L3175551,S54680739,,1
555,35106,species,Flame-faced Tanager,Tangara parzudakii,3,Reserva Mashpi-Amagusa (Sergio y Doris),EC-P,07 Apr 2019,L3175551,S54680739,,1
556,34965,species,Rufous-throated Tanager,Ixothraupis rufigula,2,Reserva Mashpi-Amagusa (Sergio y Doris),EC-P,07 Apr 2019,L3175551,S54680739,,1
557,34926,species,Glistening-green Tanager,Chlorochrysa phoenicotis,2,Reserva Mashpi-Amagusa (Sergio y Doris),EC-P,07 Apr 2019,L3175551,S54680739,,1
558,34900,species,Black-chinned Mountain Tanager,Anisognathus notabilis,1,Reserva Mashpi-Amagusa (Sergio y Doris),EC-P,07 Apr 2019,L3175551,S54680739,,1
559,34835,species,Moss-backed Tanager,Bangsia edwardsi,3,Reserva Mashpi-Amagusa (Sergio y Doris),EC-P,07 Apr 2019,L3175551,S54680739,,1
560,28186,species,Andean Solitaire,Myadestes ralloides,1,Reserva Mashpi-Amagusa (Sergio y Doris),EC-P,07 Apr 2019,L3175551,S54680739,,1
561,19076,species,Black-billed Peppershrike,Cyclarhis nigrirostris,1,Reserva Mashpi-Amagusa (Sergio y Doris),EC-P,07 Apr 2019,L3175551,S54680739,,1
562,15866,species,Orange-breasted Fruiteater,Pipreola jucunda,2,Reserva Mashpi-Amagusa (Sergio y Doris),EC-P,07 Apr 2019,L3175551,S54680739,,1
563,15147,species,Scaly-throated Foliage-gleaner,Anabacerthia variegaticeps,1,Reserva Mashpi-Amagusa (Sergio y Doris),EC-P,07 Apr 2019,L3175551,S54680739,,1
564,4710,species,Empress Brilliant,Heliodoxa imperatrix,1,Reserva Mashpi-Amagusa (Sergio y Doris),EC-P,07 Apr 2019,L3175551,S54680739,,1
565,4676,species,Velvet-purple Coronet,Boissonneaua jardini,5,Reserva Mashpi-Amagusa (Sergio y Doris),EC-P,07 Apr 2019,L3175551,S54680739,,1
566,4621,species,Brown Inca,Coeligena wilsoni,1,Reserva Mashpi-Amagusa (Sergio y Doris),EC-P,07 Apr 2019,L3175551,S54680739,,1
567,4438,species,Green Thorntail,Discosura conversii,4,Reserva Mashpi-Amagusa (Sergio y Doris),EC-P,07 Apr 2019,L3175551,S54680739,,1
568,4259,species,White-whiskered Hermit,Phaethornis yaruqui,1,Reserva Mashpi-Amagusa (Sergio y Doris),EC-P,07 Apr 2019,L3175551,S54680739,,1
569,1987,species,Ruddy Pigeon,Patagioenas subvinacea,1,Reserva Mashpi-Amagusa (Sergio y Doris),EC-P,07 Apr 2019,L3175551,S54680739,,1
570,16721,species,Sierran Elaenia,Elaenia pallatangae,1,Tandayapa--San Jorge Tandayapa,EC-P,06 Apr 2019,L1907810,S54643608,,1
571,16535,species,Ornate Flycatcher,Myiotriccus ornatus,2,Tandayapa--San Jorge Tandayapa,EC-P,06 Apr 2019,L1907810,S54629295,,1
572,10832,species,Toucan Barbet,Semnornis ramphastinus,1,Tandayapa--San Jorge Tandayapa,EC-P,06 Apr 2019,L1907810,S54629295,,1
573,8408,species,Barred Hawk,Morphnarchus princeps,1,Tandayapa--San Jorge Tandayapa,EC-P,06 Apr 2019,L1907810,S54629295,,1
574,34270,species,Three-striped Warbler,Basileuterus tristriatus,1,Tandayapa--San Jorge Tandayapa,EC-P,06 Apr 2019,L1907810,S54617813,,1
575,34066,species,Tropical Parula,Setophaga pitiayumi,1,Tandayapa--San Jorge Tandayapa,EC-P,06 Apr 2019,L1907810,S54617813,,1
576,17423,species,Golden-bellied Flycatcher,Myiodynastes hemichrysus,1,Tandayapa--San Jorge Tandayapa,EC-P,06 Apr 2019,L1907810,S54617813,,1
577,15900,species,Andean Cock-of-the-rock,Rupicola peruvianus,1,Tandayapa--San Jorge Tandayapa,EC-P,06 Apr 2019,L1907810,S54617813,,1
578,15240,species,Streak-capped Treehunter,Thripadectes virgaticeps,2,Tandayapa--San Jorge Tandayapa,EC-P,06 Apr 2019,L1907810,S54617813,,1
579,15195,species,Buff-fronted Foliage-gleaner,Dendroma rufa,1,Tandayapa--San Jorge Tandayapa,EC-P,06 Apr 2019,L1907810,S54617813,,1
580,4413,species,Gorgeted Sunangel,Heliangelus strophianus,1,Tandayapa--San Jorge Tandayapa,EC-P,06 Apr 2019,L1907810,S54617813,,1
581,33495,species,White-winged Brushfinch,Atlapetes leucopterus,1,Tandayapa--San Jorge Tandayapa,EC-P,05 Apr 2019,L1907810,S54603202,,1
582,33472,species,Choco Brushfinch,Atlapetes crassus,1,Tandayapa--San Jorge Tandayapa,EC-P,05 Apr 2019,L1907810,S54603202,,1
583,12974,species,Scaly-naped Amazon,Amazona mercenarius,30,Tandayapa--San Jorge Tandayapa,EC-P,05 Apr 2019,L1907810,S54603202,,1
584,4706,species,Green-crowned Brilliant,Heliodoxa jacula,1,Tandayapa--San Jorge Tandayapa,EC-P,05 Apr 2019,L1907810,S54603202,,1
585,2375,species,White-throated Quail-Dove,Zentrygon frenata,2,Tandayapa--San Jorge Tandayapa,EC-P,05 Apr 2019,L1907810,S54603202,,1
586,35115,species,Golden Tanager,Tangara arthus,3,Tandayapa--San Jorge Tandayapa,EC-P,05 Apr 2019,L1907810,S54584423,,1
587,35048,species,Metallic-green Tanager,Tangara labradorides,1,Tandayapa--San Jorge Tandayapa,EC-P,05 Apr 2019,L1907810,S54584423,,1
588,34999,species,Black-capped Tanager,Stilpnia heinei,2,Tandayapa--San Jorge Tandayapa,EC-P,05 Apr 2019,L1907810,S54584423,,1
589,34983,species,Golden-naped Tanager,Chalcothraupis ruficervix,2,Tandayapa--San Jorge Tandayapa,EC-P,05 Apr 2019,L1907810,S54584423,,1
590,15881,species,Scaled Fruiteater,Ampelioides tschudii,1,Tandayapa--San Jorge Tandayapa,EC-P,05 Apr 2019,L1907810,S54584423,,1
591,10889,species,Pale-mandibled Aracari,Pteroglossus erythropygius,2,Tandayapa--San Jorge Tandayapa,EC-P,05 Apr 2019,L1907810,S54584423,,1
592,10865,species,Crimson-rumped Toucanet,Aulacorhynchus haematopygus,2,Tandayapa--San Jorge Tandayapa,EC-P,05 Apr 2019,L1907810,S54584423,,1
593,4691,species,Purple-bibbed Whitetip,Urosticte benjamini,1,Tandayapa--San Jorge Tandayapa,EC-P,05 Apr 2019,L1907810,S54584423,,1
594,34387,species,Spectacled Redstart,Myioborus melanocephalus,1,Ecoruta (Nono-Tandayapa Road above 2500 m),EC-P,05 Apr 2019,L2735076,S54585490,,1
595,27448,species,Plain-tailed Wren,Pheugopedius euophrys,2,Ecoruta (Nono-Tandayapa Road above 2500 m),EC-P,05 Apr 2019,L2735076,S54585490,,1
596,17194,species,Rufous-breasted Chat-Tyrant,Ochthoeca rufipectoralis,1,Ecoruta (Nono-Tandayapa Road above 2500 m),EC-P,05 Apr 2019,L2735076,S54585490,,1
597,27572,species,Rufous Wren,Cinnycerthia unirufa,2,Reserva Yanacocha,EC-P,04 Apr 2019,L1396997,S54575597,,1
598,17170,species,Crowned Chat-Tyrant,Silvicultrix frontalis,2,Reserva Yanacocha,EC-P,04 Apr 2019,L1396997,S54575597,,1
599,15366,species,White-browed Spinetail,Hellmayrea gularis,1,Reserva Yanacocha,EC-P,04 Apr 2019,L1396997,S54575597,,1
600,15014,species,Streaked Tuftedcheek,Pseudocolaptes boissonneautii,1,Reserva Yanacocha,EC-P,04 Apr 2019,L1396997,S54575597,,1
601,14277,species,Equatorial Antpitta,Grallaria saturata,2,Reserva Yanacocha,EC-P,04 Apr 2019,L1396997,S54575597,,1
602,4589,species,Sapphire-vented Puffleg,Eriocnemis luciani,4,Reserva Yanacocha,EC-P,04 Apr 2019,L1396997,S54575597,,1
603,900,species,Andean Guan,Penelope montagnii,1,Reserva Yanacocha,EC-P,04 Apr 2019,L1396997,S54575597,,1
604,2243,species,Common Ground Dove,Columbina passerina,2,Bosque Protector Jerusalem,EC-P,03 Apr 2019,L2762008,S54527484,,1
605,34883,species,Scarlet-bellied Mountain Tanager,Anisognathus igniventris,1,San Jorge Ecolodge (Quito),EC-P,03 Apr 2019,L895012,S54519444,,1
606,32638,species,Hooded Siskin,Spinus magellanicus,1,San Jorge Ecolodge (Quito),EC-P,03 Apr 2019,L895012,S54519444,,1
607,24135,species,Brown-bellied Swallow,Orochelidon murina,3,San Jorge Ecolodge (Quito),EC-P,03 Apr 2019,L895012,S54519444,,1
608,16609,species,Tufted Tit-Tyrant,Anairetes parulus,1,San Jorge Ecolodge (Quito),EC-P,03 Apr 2019,L895012,S54519444,,1
609,14286,species,Tawny Antpitta,Grallaria quitensis,1,San Jorge Ecolodge (Quito),EC-P,03 Apr 2019,L895012,S54519444,,1
610,8458,species,Black-chested Buzzard-Eagle,Geranoaetus melanoleucus,1,San Jorge Ecolodge (Quito),EC-P,03 Apr 2019,L895012,S54519444,,1
611,4667,species,Sword-billed Hummingbird,Ensifera ensifera,1,San Jorge Ecolodge (Quito),EC-P,03 Apr 2019,L895012,S54519444,,1
612,4542,species,Tyrian Metaltail,Metallura tyrianthina,1,San Jorge Ecolodge (Quito),EC-P,03 Apr 2019,L895012,S54519444,,1
613,35265,species,Cinereous Conebill,Conirostrum cinereum,2,San Jorge Ecolodge (Quito),EC-P,03 Apr 2019,L895012,S54511182,,1
614,34920,species,Blue-and-yellow Tanager,Rauenia bonariensis,4,San Jorge Ecolodge (Quito),EC-P,03 Apr 2019,L895012,S54511182,,1
615,34546,species,Golden Grosbeak,Pheucticus chrysogaster,2,San Jorge Ecolodge (Quito),EC-P,03 Apr 2019,L895012,S54511182,,1
616,33486,species,Yellow-breasted Brushfinch,Atlapetes latinuchus,1,San Jorge Ecolodge (Quito),EC-P,03 Apr 2019,L895012,S54511182,,1
617,17148,species,Streak-throated Bush-Tyrant,Myiotheretes striaticollis,1,San Jorge Ecolodge (Quito),EC-P,03 Apr 2019,L895012,S54511182,,1
618,16712,species,White-crested Elaenia,Elaenia albiceps,1,San Jorge Ecolodge (Quito),EC-P,03 Apr 2019,L895012,S54511182,,1
619,4502,species,Black-tailed Trainbearer,Lesbia victoriae,2,San Jorge Ecolodge (Quito),EC-P,03 Apr 2019,L895012,S54511182,,1
622,687,species,Tufted Duck,Aythya fuligula,6,Jetée et Port des Pâquis,CH-GE,02 Feb 2019,L926699,S52289929,,1
623,31534,species,House Sparrow,Passer domesticus,10,"Port d'Albigny, Annecy-le-Vieux",FR-ARA,02 Feb 2019,L4602237,S52287903,,1
624,6474,species,Black-headed Gull,Chroicocephalus ridibundus,5,"Port d'Albigny, Annecy-le-Vieux",FR-ARA,02 Feb 2019,L4602237,S52287903,,1
625,377,species,Mute Swan,Cygnus olor,1,"Port d'Albigny, Annecy-le-Vieux",FR-ARA,02 Feb 2019,L4602237,S52287903,,1
626,31480,species,Alpine Accentor,Prunella collaris,1,Peisey-Nancroix (ville),FR-ARA,27 Jan 2019,L8433472,S52089497,,1
627,21575,species,Carrion Crow,Corvus corone,1,Bois des Mouilles,CH-GE,20 Jan 2019,L5168443,S51854116,,1
628,8543,species,Common Buzzard,Buteo buteo,1,Bois des Mouilles,CH-GE,20 Jan 2019,L5168443,S51854116,,1
629,33029,species,Lark Sparrow,Chondestes grammacus,1,"Sonoma Valley Regional Park, Glen Ellen US-CA (38.3641,-122.5124)",US-CA,15 Nov 2018,L8144000,S49955936,,1
630,11410,species,Nuttall's Woodpecker,Dryobates nuttallii,1,"Sonoma Valley Regional Park, Glen Ellen US-CA (38.3641,-122.5124)",US-CA,15 Nov 2018,L8144000,S49955936,,1
631,22150,species,Oak Titmouse,Baeolophus inornatus,2,Sonoma Botanical Garden,US-CA,15 Nov 2018,L474156,S49953958,,1
632,11130,species,Red-breasted Sapsucker,Sphyrapicus ruber,1,Sonoma Botanical Garden,US-CA,15 Nov 2018,L474156,S49953958,,1
633,1094,species,California Quail,Callipepla californica,3,Sonoma Botanical Garden,US-CA,15 Nov 2018,L474156,S49953958,,1
634,1765,species,Chukar,Alectoris chukar,1,HI: Haleakala NP - Visitors' Center (lower),US-HI,09 Nov 2018,L1614549,S49813922,N,1
635,34630,species,Red-crested Cardinal,Paroaria coronata,3,Kealia Pond NWR,US-HI,05 Nov 2018,L416929,S49709656,N,1
636,26565,species,Red-billed Leiothrix,Leiothrix lutea,10,"Pu'u La'au, Palila Discovery Trail and Ka'ohe GMA",US-HI,02 Nov 2018,L285813,S49625136,N,1
637,32141,species,Hawaii Creeper,Loxops mana,1,"Pu'u O'o Trail, Kipuka Ainahou section (first 2 miles)",US-HI,01 Nov 2018,L366605,S49612040,,1
638,32129,species,Akiapolaau,Hemignathus wilsoni,1,"Pu'u O'o Trail, Kipuka Ainahou section (first 2 miles)",US-HI,01 Nov 2018,L366605,S49612040,,1
639,32118,species,Iiwi,Drepanis coccinea,5,"Pu'u O'o Trail, Kipuka Ainahou section (first 2 miles)",US-HI,01 Nov 2018,L366605,S49612040,,1
640,28197,species,Omao,Myadestes obscurus,8,"Pu'u O'o Trail, Kipuka Ainahou section (first 2 miles)",US-HI,01 Nov 2018,L366605,S49612040,,1
641,32108,species,Palila,Loxioides bailleui,8,"Pu'u La'au, Palila Discovery Trail and Ka'ohe GMA",US-HI,01 Nov 2018,L285813,S49605134,,1
642,20796,species,Hawaii Elepaio,Chasiempis sandwichensis,4,"Pu'u La'au, Palila Discovery Trail and Ka'ohe GMA",US-HI,01 Nov 2018,L285813,S49605134,,1
643,22615,species,Eurasian Skylark,Alauda arvensis,10,Road to Cement Plant Rd,US-HI,01 Nov 2018,L1430537,S49602576,N,1
644,9276,species,Short-eared Owl,Asio flammeus,3,Road to Cement Plant Rd,US-HI,01 Nov 2018,L1430537,S49602576,,1
645,1647,species,Black Francolin,Francolinus francolinus,4,Road to Cement Plant Rd,US-HI,01 Nov 2018,L1430537,S49602576,N,1
646,1477,species,Ring-necked Pheasant,Phasianus colchicus,1,Road to Cement Plant Rd,US-HI,01 Nov 2018,L1430537,S49602576,N,1
647,8499,species,Hawaiian Hawk,Buteo solitarius,1,Volcano Golf Course and Volcano Winery (Pi'i Mauna Drive),US-HI,31 Oct 2018,L2679607,S49590172,,1
648,1816,species,Erckel's Spurfowl,Pternistis erckelii,3,Volcano Golf Course and Volcano Winery (Pi'i Mauna Drive),US-HI,31 Oct 2018,L2679607,S49590172,N,1
649,1529,species,Kalij Pheasant,Lophura leucomelanos,12,Volcano Golf Course and Volcano Winery (Pi'i Mauna Drive),US-HI,31 Oct 2018,L2679607,S49590172,N,1
650,365,species,Hawaiian Goose,Branta sandvicensis,2,Volcano Golf Course and Volcano Winery (Pi'i Mauna Drive),US-HI,31 Oct 2018,L2679607,S49590172,,1
651,32117,species,Apapane,Himatione sanguinea,10,Hawaiʻi Volcanoes NP--Kīlauea Iki and Thurston Lava Tube,US-HI,31 Oct 2018,L837288,S49588034,,1
652,6908,species,White-tailed Tropicbird,Phaethon lepturus,15,Hawaiʻi Volcanoes NP--Kīlauea Iki and Thurston Lava Tube,US-HI,31 Oct 2018,L837288,S49588034,,1
653,32135,species,Hawaii Amakihi,Chlorodrepanis virens,2,Kaumana Trail (between mile markers 19 to 20),US-HI,31 Oct 2018,L880992,S49583467,,1
654,5497,species,Hawaiian Coot,Fulica alai,10,Kaloko-Honokōhau NHP--ʻAimakapā Pond,US-HI,30 Oct 2018,L336863,S49571402,,1
655,6134,species,Wandering Tattler,Tringa incana,1,"Liliuokalani Gardens, Coconut Island and Banyan Drive Hilo",US-HI,29 Oct 2018,L3006267,S49551078,,1
656,34643,species,Yellow-billed Cardinal,Paroaria capitata,12,Samuel M. Spencer Beach Park and Puukohola Heiau,US-HI,28 Oct 2018,L330906,S49532050,N,1
657,31066,species,Java Sparrow,Padda oryzivora,1,Samuel M. Spencer Beach Park and Puukohola Heiau,US-HI,28 Oct 2018,L330906,S49532050,N,1
658,25630,species,Warbling White-eye,Zosterops japonicus,1,Samuel M. Spencer Beach Park and Puukohola Heiau,US-HI,28 Oct 2018,L330906,S49532050,N,1
659,31062,species,African Silverbill,Euodice cantans,2,"Francis H. I'i Brown North Course, Kamuela US-HI (19.9409,-155.8603)",US-HI,28 Oct 2018,L8081156,S49516203,N,1
660,5816,species,Pacific Golden-Plover,Pluvialis fulva,1,"Francis H. I'i Brown North Course, Kamuela US-HI (19.9409,-155.8603)",US-HI,28 Oct 2018,L8081156,S49516203,,1
661,2232,species,Zebra Dove,Geopelia striata,2,"Francis H. I'i Brown North Course, Kamuela US-HI (19.9409,-155.8603)",US-HI,28 Oct 2018,L8081156,S49516203,N,1
662,1639,species,Gray Francolin,Ortygornis pondicerianus,3,"Francis H. I'i Brown North Course, Kamuela US-HI (19.9409,-155.8603)",US-HI,28 Oct 2018,L8081156,S49516203,N,1
663,25431,species,Wrentit,Chamaea fasciata,2,Natural Bridges SB,US-CA,26 Oct 2018,L200588,S49474435,,1
664,27668,species,American Dipper,Cinclus mexicanus,1,Burnaby Lake--Avalon entrance,CA-BC,20 Oct 2018,L452571,S49326481,,1
665,512,species,Eurasian Wigeon,Mareca penelope,1,Blackie Spit (Incl. Dunsmuir Farm & Nicomekl estuary),CA-BC,19 Oct 2018,L285197,S49305332,,1
667,6404,species,Pigeon Guillemot,Cepphus columba,2,"Lighthouse Marine Park, Point Roberts",US-WA,19 Oct 2018,L336663,S49294349,,1
668,5806,species,Black Oystercatcher,Haematopus bachmani,3,"Lighthouse Marine Park, Point Roberts",US-WA,19 Oct 2018,L336663,S49294349,,1
670,22094,species,Chestnut-backed Chickadee,Poecile rufescens,4,Stanley Park--Beaver Lake,CA-BC,18 Oct 2018,L344388,S49275033,,1
671,6519,species,Short-billed Gull,Larus brachyrhynchus,5,Stanley Park--Beaver Lake,CA-BC,18 Oct 2018,L344388,S49275033,,1
672,6596,species,Glaucous-winged Gull,Larus glaucescens,10,Iona Island (General),CA-BC,17 Oct 2018,L261851,S49253659,,1
673,33196,species,Golden-crowned Sparrow,Zonotrichia atricapilla,5,Reifel Bird Sanctuary,CA-BC,16 Oct 2018,L124345,S49239705,,1
674,1406,species,Spruce Grouse,Canachites canadensis,2,Algonquin Provincial Park--Spruce Bog Boardwalk,CA-ON,27 Sep 2018,L351718,S48781827,,1
675,33198,species,Harris's Sparrow,Zonotrichia querula,1,Churchill,CA-MB,02 Jul 2018,L299411,S46950528,,1
676,1354,species,Willow Ptarmigan,Lagopus lagopus,3,Churchill--Churchill Northern Studies Centre,CA-MB,01 Jul 2018,L551010,S46932399,,1
677,33099,species,Fox Sparrow,Passerella iliaca,2,Churchill,CA-MB,01 Jul 2018,L299411,S46929229,,1
678,6931,species,Pacific Loon,Gavia pacifica,2,Churchill--Launch Road,CA-MB,30 Jun 2018,L349496,S46905278,,1
679,6733,species,Arctic Tern,Sterna paradisaea,,Churchill--Launch Road,CA-MB,30 Jun 2018,L349496,S46905278,,1
680,6048,species,Hudsonian Godwit,Limosa haemastica,2,Churchill--Launch Road,CA-MB,30 Jun 2018,L349496,S46905278,,1
681,6009,species,Upland Sandpiper,Bartramia longicauda,5,Lake Francis PWMA--Twin Beach Rd.,CA-MB,27 Jun 2018,L1148802,S46842671,,1
682,33563,species,Yellow-headed Blackbird,Xanthocephalus xanthocephalus,,Oak Hammock Marsh PWMA,CA-MB,26 Jun 2018,L17696,S46813770,,1
683,17467,species,Western Kingbird,Tyrannus verticalis,1,Oak Hammock Marsh PWMA,CA-MB,26 Jun 2018,L17696,S46813770,,1
684,32943,species,Grasshopper Sparrow,Ammodramus savannarum,1,Point Pelee NP--West Beach,CA-ON,13 May 2018,L1824113,S45631400,,1
685,27303,species,Sedge Wren,Cistothorus stellaris,1,Point Pelee NP--Tip,CA-ON,13 May 2018,L611224,S45624424,,1
687,3614,species,Eastern Whip-poor-will,Antrostomus vociferus,1,Rondeau Provincial Park* general (use more precise loc.),CA-ON,09 May 2018,L265518,S45497464,,1
688,5297,species,Virginia Rail,Rallus limicola,2,MacGregor Point Provincial Park--Tower Trail,CA-ON,08 May 2018,L2143880,S45466919,,1
689,7342,species,Brown Booby,Sula leucogaster,,Little Tobago Island,TT-TOB,14 Apr 2018,L832975,S44569525,,1
690,7338,species,Red-footed Booby,Sula sula,,Little Tobago Island,TT-TOB,14 Apr 2018,L832975,S44569525,,1
691,6915,species,Red-billed Tropicbird,Phaethon aethereus,,Little Tobago Island,TT-TOB,14 Apr 2018,L832975,S44569525,,1
692,1948,species,Scaly-naped Pigeon,Patagioenas squamosa,2,Little Tobago Island,TT-TOB,14 Apr 2018,L832975,S44569525,,1
693,28735,species,White-necked Thrush,Turdus albicollis,1,Main Ridge Forest Reserve,TT-TOB,14 Apr 2018,L623631,S44561237,,1
694,28710,species,Yellow-legged Thrush,Turdus flavipes,1,Main Ridge Forest Reserve,TT-TOB,14 Apr 2018,L623631,S44561237,,1
695,15701,species,Blue-backed Manakin,Chiroxiphia pareola,1,Main Ridge Forest Reserve,TT-TOB,14 Apr 2018,L623631,S44561237,,1
696,15664,species,Stripe-breasted Spinetail,Synallaxis cinnamomea,1,Main Ridge Forest Reserve,TT-TOB,14 Apr 2018,L623631,S44561237,,1
697,4962,species,White-tailed Sabrewing,Campylopterus ensipennis,2,Main Ridge Forest Reserve,TT-TOB,14 Apr 2018,L623631,S44556461,,1
698,19273,species,Chivi Vireo,Vireo chivi,1,Cuffie River Nature Retreat,TT-TOB,13 Apr 2018,L470121,S44526821,,1
699,17307,species,Venezuelan Flycatcher,Myiarchus venezuelensis,1,Cuffie River Nature Retreat,TT-TOB,13 Apr 2018,L470121,S44526821,,1
700,13832,species,Northern White-fringed Antwren,Formicivora intermedia,1,Cuffie River Nature Retreat,TT-TOB,13 Apr 2018,L470121,S44526821,,1
701,4242,species,Rufous-breasted Hermit,Glaucis hirsutus,2,Cuffie River Nature Retreat,TT-TOB,13 Apr 2018,L470121,S44526821,,1
702,17335,species,Brown-crested Flycatcher,Myiarchus tyrannulus,1,"TT-Trinidad and Tobago-Craig Hall (11.2361,-60.7149)",TT-TOB,13 Apr 2018,L7214344,S44518322,,1
703,16940,species,Fuscous Flycatcher,Cnemotriccus fuscatus,1,"TT-Trinidad and Tobago-Craig Hall (11.2361,-60.7149)",TT-TOB,13 Apr 2018,L7214344,S44518322,,1
704,35722,species,Black-faced Grassquit,Melanospiza bicolor,1,"TT-Trinidad and Tobago-Craig Hall (11.2361,-60.7149)",TT-TOB,12 Apr 2018,L7214344,S44517846,,1
705,3880,species,Gray-rumped Swift,Chaetura cinereiventris,1,"TT-Trinidad and Tobago-Craig Hall (11.2361,-60.7149)",TT-TOB,12 Apr 2018,L7214344,S44517846,,1
706,3560,species,White-tailed Nightjar,Hydropsalis cayennensis,2,"TT-Trinidad and Tobago-Craig Hall (11.2361,-60.7149)",TT-TOB,12 Apr 2018,L7214344,S44517846,,1
707,971,species,Rufous-vented Chachalaca,Ortalis ruficauda,6,"TT-Trinidad and Tobago-Craig Hall (11.2361,-60.7149)",TT-TOB,12 Apr 2018,L7214344,S44517846,,1
708,24088,species,Caribbean Martin,Progne dominicensis,3,Bon Accord Sewage Treatment Ponds,TT-TOB,12 Apr 2018,L623632,S44500469,,1
709,585,species,White-cheeked Pintail,Anas bahamensis,7,Bon Accord Sewage Treatment Ponds,TT-TOB,12 Apr 2018,L623632,S44500469,,1
710,33938,species,Yellow-hooded Blackbird,Chrysomus icterocephalus,,"TT-Trinidad and Tobago-Orange Grove Road (10.6308,-61.3754)",TT-TUP,11 Apr 2018,L7207299,S44469225,,1
711,34632,species,Masked Cardinal,Paroaria nigrogenis,1,Caroni Swamp,TT-SJL,11 Apr 2018,L616318,S44476325,,1
712,8318,species,Long-winged Harrier,Circus buffoni,1,Caroni Swamp,TT-SJL,11 Apr 2018,L616318,S44476325,,1
713,7465,species,Scarlet Ibis,Eudocimus ruber,,Caroni Swamp,TT-SJL,11 Apr 2018,L616318,S44476325,,1
714,4387,species,Green-throated Mango,Anthracothorax viridigula,1,Caroni Swamp,TT-SJL,11 Apr 2018,L616318,S44476325,,1
715,4382,species,Ruby-topaz Hummingbird,Chrysolampis mosquitus,1,Trinidad ASA WNC Oilbird walk,TT-TUP,11 Apr 2018,L7206135,S44462762,,1
716,3766,species,Oilbird,Steatornis caripensis,4,Trinidad ASA WNC Oilbird walk,TT-TUP,11 Apr 2018,L7206135,S44462762,,1
717,35058,species,Turquoise Tanager,Tangara mexicana,2,Aripo Savannah--Cumuto Road,TT-SGE,10 Apr 2018,L652732,S44449217,,1
718,33999,species,Masked Yellowthroat,Geothlypis aequinoctialis,1,Aripo Savannah--Cumuto Road,TT-SGE,10 Apr 2018,L652732,S44449217,,1
719,16870,species,Euler's Flycatcher,Lathrotriccus euleri,1,Aripo Savannah--Cumuto Road,TT-SGE,10 Apr 2018,L652732,S44449217,,1
720,16240,species,Slaty-capped Flycatcher,Leptopogon superciliaris,1,Aripo Savannah--Cumuto Road,TT-SGE,10 Apr 2018,L652732,S44449217,,1
721,12990,species,Green-rumped Parrotlet,Forpus passerinus,4,Aripo Savannah--Cumuto Road,TT-SGE,10 Apr 2018,L652732,S44449217,,1
722,17159,species,White-headed Marsh Tyrant,Arundinicola leucocephala,3,Nariva Swamp,TT-RCM,09 Apr 2018,L471384,S44410326,,1
723,17017,species,Northern Scrub-Flycatcher,Sublegatus arenarum,1,Nariva Swamp,TT-RCM,09 Apr 2018,L471384,S44410326,,1
724,15554,species,Yellow-chinned Spinetail,Certhiaxis cinnamomeus,2,Nariva Swamp,TT-RCM,09 Apr 2018,L471384,S44410326,,1
725,13475,species,Black-crested Antshrike,Sakesphorus canadensis,1,Nariva Swamp,TT-RCM,09 Apr 2018,L471384,S44410326,,1
726,13140,species,Blue-and-yellow Macaw,Ara ararauna,4,Nariva Swamp,TT-RCM,09 Apr 2018,L471384,S44410326,N,1
727,12933,species,Yellow-crowned Amazon,Amazona ochrocephala,1,Nariva Swamp,TT-RCM,09 Apr 2018,L471384,S44410326,,1
728,4194,species,Fork-tailed Palm Swift,Tachornis squamata,1,Nariva Swamp,TT-RCM,09 Apr 2018,L471384,S44410326,,1
729,3507,species,Short-tailed Nighthawk,Lurocalis semitorquatus,4,Asa Wright Nature Center,TT-TUP,08 Apr 2018,L40158136,S44377682,,1
730,35137,species,Swallow Tanager,Tersina viridis,2,Brasso Seco,TT-TUP,08 Apr 2018,L686801,S44374846,,1
731,33889,species,Carib Grackle,Quiscalus lugubris,2,Brasso Seco,TT-TUP,08 Apr 2018,L686801,S44374846,,1
732,28751,species,Cocoa Thrush,Turdus fumigatus,1,Brasso Seco,TT-TUP,08 Apr 2018,L686801,S44374846,,1
733,2360,species,Gray-fronted Dove,Leptotila rufaxilla,1,Asa Wright Nature Center,TT-TUP,07 Apr 2018,L40158136,S44332605,,1
734,35802,species,Olive-gray Saltator,Saltator olivascens,1,Asa Wright Nature Center,TT-TUP,07 Apr 2018,L40158136,S44325960,,1
735,15944,species,Bearded Bellbird,Procnias averano,2,Asa Wright Nature Center,TT-TUP,07 Apr 2018,L40158136,S44325960,,1
736,15772,species,White-bearded Manakin,Manacus manacus,5,Asa Wright Nature Center,TT-TUP,07 Apr 2018,L40158136,S44325960,,1
737,12970,species,Orange-winged Amazon,Amazona amazonica,1,Asa Wright Nature Center,TT-TUP,07 Apr 2018,L40158136,S44325960,,1
738,10940,species,Channel-billed Toucan,Ramphastos vitellinus,1,Asa Wright Nature Center,TT-TUP,07 Apr 2018,L40158136,S44325960,,1
739,9541,species,Green-backed Trogon,Trogon viridis,1,Asa Wright Nature Center,TT-TUP,07 Apr 2018,L40158136,S44325960,,1
740,35168,species,Purple Honeycreeper,Cyanerpes caeruleus,4,Asa Wright Nature Center,TT-TUP,06 Apr 2018,L40158136,S44312870,,1
741,34810,species,Silver-beaked Tanager,Ramphocelus carbo,2,Asa Wright Nature Center,TT-TUP,06 Apr 2018,L40158136,S44312870,,1
742,32026,species,Violaceous Euphonia,Euphonia violacea,1,Asa Wright Nature Center,TT-TUP,06 Apr 2018,L40158136,S44312870,,1
743,28761,species,Spectacled Thrush,Turdus nudigenis,1,Asa Wright Nature Center,TT-TUP,06 Apr 2018,L40158136,S44312870,,1
744,5209,species,Blue-chinned Sapphire,Chlorestes notata,1,Asa Wright Nature Center,TT-TUP,06 Apr 2018,L40158136,S44312870,,1
745,5160,species,White-chested Emerald,Chrysuronia brevirostris,3,Asa Wright Nature Center,TT-TUP,06 Apr 2018,L40158136,S44312870,,1
746,5091,species,Copper-rumped Hummingbird,Saucerottia tobaci,1,Asa Wright Nature Center,TT-TUP,06 Apr 2018,L40158136,S44312870,,1
747,4440,species,Tufted Coquette,Lophornis ornatus,2,Asa Wright Nature Center,TT-TUP,06 Apr 2018,L40158136,S44312870,,1
748,4260,species,Green Hermit,Phaethornis guy,1,Asa Wright Nature Center,TT-TUP,06 Apr 2018,L40158136,S44312870,,1
749,34250,species,Golden-crowned Warbler,Basileuterus culicivorus,1,Aripo Livestock (Agriculture Research) Station,TT-TUP,06 Apr 2018,L621687,S44400850,,1
750,33745,species,Yellow Oriole,Icterus nigrogularis,1,Aripo Livestock (Agriculture Research) Station,TT-TUP,06 Apr 2018,L621687,S44400850,,1
751,24066,species,White-winged Swallow,Tachycineta albiventer,1,Aripo Livestock (Agriculture Research) Station,TT-TUP,06 Apr 2018,L621687,S44400850,,1
752,9869,species,Trinidad Motmot,Momotus bahamensis,1,Aripo Livestock (Agriculture Research) Station,TT-TUP,06 Apr 2018,L621687,S44400850,,1
753,11939,species,Laughing Falcon,Herpetotheres cachinnans,1,Carretera 295/Río Lagartos-Tizimín--Pantano a Km 90,MX-YUC,21 Dec 2017,L2611603,S41235920,,1
754,4798,species,Mexican Sheartail,Doricha eliza,4,Posada Diego y Matilda,MX-YUC,21 Dec 2017,L4401826,S41230701,,1
755,33992,species,Gray-crowned Yellowthroat,Geothlypis poliocephala,1,"(21.4350,-87.7616)",MX-YUC,21 Dec 2017,L6589466,S41227147,,1
756,33826,species,Bronzed Cowbird,Molothrus aeneus,20,Camino Nuevo Tekal,MX-YUC,21 Dec 2017,L4211106,S41227132,,1
757,9901,species,Turquoise-browed Motmot,Eumomota superciliosa,1,Camino Nuevo Tekal,MX-YUC,21 Dec 2017,L4211106,S41227132,,1
758,1052,species,Black-throated Bobwhite,Colinus nigrogularis,7,Camino Nuevo Tekal,MX-YUC,21 Dec 2017,L4211106,S41227132,,1
759,19191,species,Cozumel Vireo,Vireo bairdi,1,Entrada a Club de Campo Cozumel,MX-ROO,18 Dec 2017,L5626137,S41178613,,1
760,34097,species,Mangrove Yellow Warbler,Setophaga petechia,1,El Cedral (Pueblo),MX-ROO,18 Dec 2017,L1973735,S41173836,,1
761,33540,species,Western Spindalis,Spindalis zena,2,El Cedral (Pueblo),MX-ROO,18 Dec 2017,L1973735,S41173836,,1
762,27999,species,Black Catbird,Melanoptila glabrirostris,1,El Cedral (Pueblo),MX-ROO,18 Dec 2017,L1973735,S41173836,,1
763,4882,species,Cozumel Emerald,Cynanthus forficatus,5,El Cedral (Pueblo),MX-ROO,18 Dec 2017,L1973735,S41173836,,1
764,6807,species,American Flamingo,Phoenicopterus ruber,12,Playa Los Dos Compadres,MX-ROO,16 Dec 2017,L3530195,S41139758,,1
765,3897,species,Vaux's Swift,Chaetura vauxi,10,Playa Los Dos Compadres,MX-ROO,16 Dec 2017,L3530195,S41139758,,1
766,6606,species,Iceland Gull,Larus glaucoides,1,Ottawa--Andrew Haydon Park,CA-ON,02 Dec 2017,L384642,S40877543,,1
767,730,species,White-winged Scoter,Melanitta deglandi,3,Ottawa--Andrew Haydon Park,CA-ON,13 Nov 2017,L384642,S40487942,,1
768,17807,species,Bell Miner,Manorina melanophrys,10,Royal Botanic Gardens Melbourne,AU-VIC,29 Oct 2017,L919153,S40182624,,1
769,656,species,Pink-eared Duck,Malacorhynchus membranaceus,2,Melton Botanic Gardens,AU-VIC,28 Oct 2017,L2551217,S40163356,,1
770,30117,species,Mistletoebird,Dicaeum hirundinaceum,1,"AU-VIC-112-142 Birdswing Road (-37.1573,142.5689)",AU-VIC,27 Oct 2017,L6380311,S40141570,,1
771,18509,species,White-browed Babbler,Pomatostomus superciliosus,2,"AU-VIC-112-142 Birdswing Road (-37.1573,142.5689)",AU-VIC,27 Oct 2017,L6380311,S40141570,,1
772,19318,species,Gray Shrikethrush,Colluricincla harmonica,1,"AU-VIC-1567 Pomonal Road (-37.1471,142.6425)",AU-VIC,27 Oct 2017,L6379808,S40139220,,1
773,8363,species,Whistling Kite,Haliastur sphenurus,1,"AU-VIC-1567 Pomonal Road (-37.1471,142.6425)",AU-VIC,27 Oct 2017,L6379808,S40139220,,1
774,7532,species,Yellow-billed Spoonbill,Platalea flavipes,5,"AU-VIC-1567 Pomonal Road (-37.1471,142.6425)",AU-VIC,27 Oct 2017,L6379808,S40139220,,1
775,637,species,Gray Teal,Anas gracilis,,"AU-VIC-1567 Pomonal Road (-37.1471,142.6425)",AU-VIC,27 Oct 2017,L6379808,S40139220,,1
776,17884,species,White-plumed Honeyeater,Ptilotula penicillata,5,Lake Fyans,AU-VIC,27 Oct 2017,L2117956,S40141565,,1
777,6872,species,Great Crested Grebe,Podiceps cristatus,1,"AU-VIC-Lake Lonsdale (-37.0109,142.6110)",AU-VIC,26 Oct 2017,L6377670,S40124851,,1
778,8048,species,Little Eagle,Hieraaetus morphnoides,1,Devils Garden State Forest,AU-VIC,26 Oct 2017,L2117960,S40125315,,1
779,24275,species,Fairy Martin,Petrochelidon ariel,,Lake Fyans,AU-VIC,26 Oct 2017,L2117956,S40125379,,1
780,21798,species,Jacky-winter,Microeca fascinans,1,Lake Fyans,AU-VIC,26 Oct 2017,L2117956,S40125379,,1
781,19738,species,White-breasted Woodswallow,Artamus leucorynchus,1,Lake Fyans,AU-VIC,26 Oct 2017,L2117956,S40125379,,1
782,17915,species,White-fronted Chat,Epthianura albifrons,2,Lake Fyans,AU-VIC,26 Oct 2017,L2117956,S40125379,,1
783,17586,species,Brown Treecreeper,Climacteris picumnus,12,Lake Fyans,AU-VIC,26 Oct 2017,L2117956,S40125379,,1
784,12514,species,Red-rumped Parrot,Psephotus haematonotus,4,Lake Fyans,AU-VIC,26 Oct 2017,L2117956,S40125379,,1
785,5840,species,Black-fronted Dotterel,Thinornis melanops,2,Lake Fyans,AU-VIC,26 Oct 2017,L2117956,S40125379,,1
786,5778,species,Red-necked Avocet,Recurvirostra novaehollandiae,2,Lake Fyans,AU-VIC,26 Oct 2017,L2117956,S40125379,,1
787,789,species,Musk Duck,Biziura lobata,2,Lake Fyans,AU-VIC,26 Oct 2017,L2117956,S40125379,,1
788,2206,species,Common Bronzewing,Phaps chalcoptera,2,Halls Gap,AU-VIC,25 Oct 2017,L2551915,S40125320,,1
789,21770,species,Scarlet Robin,Petroica boodang,1,Grampians National Park--Sundial Carpark,AU-VIC,25 Oct 2017,L2551749,S40110470,,1
790,21769,species,Flame Robin,Petroica phoenicea,2,Grampians National Park--Sundial Carpark,AU-VIC,25 Oct 2017,L2551749,S40110470,,1
791,17575,species,White-throated Treecreeper,Cormobates leucophaea,1,Halls Gap,AU-VIC,25 Oct 2017,L2551915,S40110469,,1
792,5764,species,Pied Stilt,Himantopus leucocephalus,7,"Sandy Cove Conservation Reserve, Port Fairy",AU-VIC,24 Oct 2017,L2986930,S40091480,,1
793,32336,species,European Greenfinch,Chloris chloris,2,Russell Clark Reserve,AU-VIC,24 Oct 2017,L2704258,S40091492,N,1
794,31023,species,Red-browed Firetail,Neochmia temporalis,1,Tower Hill Wildlife Reserve,AU-VIC,23 Oct 2017,L1557351,S40079154,,1
795,23728,species,Australian Reed Warbler,Acrocephalus australis,1,Tower Hill Wildlife Reserve,AU-VIC,23 Oct 2017,L1557351,S40079154,,1
796,788,species,Blue-billed Duck,Oxyura australis,8,Tower Hill Wildlife Reserve,AU-VIC,23 Oct 2017,L1557351,S40079154,,1
797,685,species,Hardhead,Aythya australis,4,Tower Hill Wildlife Reserve,AU-VIC,23 Oct 2017,L1557351,S40079154,,1
798,32552,species,European Goldfinch,Carduelis carduelis,2,Naringal,AU-VIC,23 Oct 2017,L3156701,S40076405,N,1
799,7728,species,Pacific Heron,Ardea pacifica,1,Naringal,AU-VIC,23 Oct 2017,L3156701,S40076405,,1
800,18222,species,Rufous Bristlebird,Dasyornis broadbenti,1,Port Campbell National Park--The Arch,AU-VIC,23 Oct 2017,L3990545,S40075207,,1
801,12189,species,Little Corella,Cacatua sanguinea,45,Port Campbell National Park--Loch Ard Gorge,AU-VIC,23 Oct 2017,L921671,S40074079,,1
802,17877,species,Singing Honeyeater,Gavicalis virescens,4,Port Campbell National Park (general location - please use a more specific location if possible),AU-VIC,23 Oct 2017,L2549124,S40074086,,1
803,12196,species,Long-billed Corella,Cacatua tenuirostris,1,Port Campbell National Park (general location - please use a more specific location if possible),AU-VIC,22 Oct 2017,L2549124,S40059479,,1
804,12021,species,Nankeen Kestrel,Falco cenchroides,1,Port Campbell National Park (general location - please use a more specific location if possible),AU-VIC,22 Oct 2017,L2549124,S40059479,,1
805,8315,species,Swamp Harrier,Circus approximans,1,Old Ocean Road at Princetown,AU-VIC,22 Oct 2017,L1431899,S40059483,,1
806,424,species,Australian Shelduck,Tadorna tadornoides,4,Old Ocean Road at Princetown,AU-VIC,22 Oct 2017,L1431899,S40059483,,1
807,7528,species,Royal Spoonbill,Platalea regia,1,Allen Noble Sanctuary,AU-VIC,21 Oct 2017,L3705675,S40040603,,1
808,31738,species,Australian Pipit,Anthus australis,1,Point Cook Coastal Park--The Tower,AU-VIC,21 Oct 2017,L3025678,S40053163,,1
809,24276,species,Tree Martin,Petrochelidon nigricans,2,Point Cook Coastal Park--The Tower,AU-VIC,21 Oct 2017,L3025678,S40053163,,1
810,12086,species,Brown Falcon,Falco berigora,1,Point Cook Coastal Park--The Tower,AU-VIC,21 Oct 2017,L3025678,S40053163,,1
811,8061,species,Wedge-tailed Eagle,Aquila audax,1,Point Cook Coastal Park--The Tower,AU-VIC,21 Oct 2017,L3025678,S40053163,,1
812,18377,species,Yellow-rumped Thornbill,Acanthiza chrysorrhoa,2,Point Cook Coastal Park--Spectacle Lake,AU-VIC,21 Oct 2017,L3044711,S40040588,,1
813,6949,species,Little Penguin,Eudyptula minor,4,St Kilda Pier,AU-VIC,20 Oct 2017,L2081599,S40033452,,1
814,7501,species,Straw-necked Ibis,Threskiornis spinicollis,30,Royal Botanic Gardens (Cranbourne),AU-VIC,20 Oct 2017,L2040933,S40023085,,1
815,6860,species,Hoary-headed Grebe,Poliocephalus poliocephalus,2,Royal Botanic Gardens (Cranbourne),AU-VIC,20 Oct 2017,L2040933,S40023085,,1
816,25769,species,Silvereye,Zosterops lateralis,3,Wilsons Promontory National Park--Lilly Pilly Gully,AU-VIC,19 Oct 2017,L1121728,S40006084,,1
817,3345,species,Pallid Cuckoo,Heteroscenes pallidus,1,Wilsons Promontory National Park--Lilly Pilly Gully,AU-VIC,19 Oct 2017,L1121728,S40006084,,1
818,12080,species,Australian Hobby,Falco longipennis,1,Wilsons Promontory National Park--Tidal River,AU-VIC,19 Oct 2017,L2548714,S40006040,,1
819,21612,species,Forest Raven,Corvus tasmanicus,3,Wilsons Promontory National Park--Telegraph Carpark to Sealers Cove,AU-VIC,19 Oct 2017,L2548715,S40006029,,1
820,6506,species,Pacific Gull,Larus pacificus,8,Duck Point,AU-VIC,18 Oct 2017,L2548906,S39990147,,1
821,5796,species,Sooty Oystercatcher,Haematopus fuliginosus,2,Duck Point,AU-VIC,18 Oct 2017,L2548906,S39990147,,1
822,15,species,Emu,Dromaius novaehollandiae,2,Wilsons Promontory National Park--Wildlife Viewing Area,AU-VIC,18 Oct 2017,L2855396,S39990712,,1
823,7852,species,Black-shouldered Kite,Elanus axillaris,1,Wilsons Promontory National Park--Five Mile Rd,AU-VIC,18 Oct 2017,L2548730,S39987650,,1
824,21611,species,Little Raven,Corvus mellori,3,Birrarung Marr,AU-VIC,17 Oct 2017,L2531561,S39970919,,1
825,7335,species,Australasian Gannet,Morus serrator,2,Kiama Blowhole and Seawatch,AU-NSW,15 Oct 2017,L3795842,S39929736,,1
826,8376,species,White-bellied Sea-Eagle,Icthyophaga leucogaster,1,Sanctuary Point (Saint Georges Basin),AU-NSW,15 Oct 2017,L2541460,S39923983,,1
827,379,species,Black Swan,Cygnus atratus,12,Sanctuary Point (Saint Georges Basin),AU-NSW,15 Oct 2017,L2541460,S39923983,,1
828,28227,species,Bassian Thrush,Zoothera lunulata,1,Booderee National Park--Booderee Botanic Gardens,AU-NSW,14 Oct 2017,L2541277,S39909622,,1
829,12175,species,Gang-gang Cockatoo,Callocephalon fimbriatum,1,Booderee National Park--Booderee Botanic Gardens,AU-NSW,14 Oct 2017,L2541277,S39909622,,1
830,10358,species,Dollarbird,Eurystomus orientalis,1,Booderee National Park--Booderee Botanic Gardens,AU-NSW,14 Oct 2017,L2541277,S39909622,,1
831,2844,species,Topknot Pigeon,Lopholaimus antarcticus,7,Booderee National Park--Booderee Botanic Gardens,AU-NSW,14 Oct 2017,L2541277,S39909622,,1
832,18227,species,Spotted Pardalote,Pardalotus punctatus,2,Booderee National Park--Green Patch,AU-NSW,14 Oct 2017,L1778102,S39909628,,1
833,18108,species,White-cheeked Honeyeater,Phylidonyris niger,1,Booderee National Park--Green Patch,AU-NSW,14 Oct 2017,L1778102,S39909628,,1
834,21861,species,Eastern Yellow Robin,Eopsaltria australis,1,Booderee National Park--Cave Beach,AU-NSW,14 Oct 2017,L3127234,S39909626,,1
835,18132,species,Brown-headed Honeyeater,Melithreptus brevirostris,1,Booderee National Park--Cave Beach,AU-NSW,14 Oct 2017,L3127234,S39909626,,1
836,18940,species,Sahul Cicadabird,Edolisoma tenuirostre,2,Wollongong Botanic Garden,AU-NSW,13 Oct 2017,L1314800,S39889198,,1
837,17554,species,Satin Bowerbird,Ptilonorhynchus violaceus,1,Wollongong Botanic Garden,AU-NSW,13 Oct 2017,L1314800,S39889198,,1
838,17533,species,Green Catbird,Ailuroedus crassirostris,1,Wollongong Botanic Garden,AU-NSW,13 Oct 2017,L1314800,S39889198,,1
839,12492,species,Eastern Rosella,Platycercus eximius,2,Wollongong Botanic Garden,AU-NSW,13 Oct 2017,L1314800,S39889198,,1
840,7726,species,Eastern Cattle-Egret,Ardea coromanda,1,Wollongong Botanic Garden,AU-NSW,13 Oct 2017,L1314800,S39889198,,1
841,3351,species,Fan-tailed Cuckoo,Cacomantis flabelliformis,2,Wollongong Botanic Garden,AU-NSW,13 Oct 2017,L1314800,S39889198,,1
842,12151,species,Yellow-tailed Black-Cockatoo,Zanda funerea,10,Royal National Park--National Falls,AU-NSW,12 Oct 2017,L5075568,S39855739,,1
843,20386,species,Gray Fantail,Rhipidura albiscapa,2,Royal National Park--The Meadows Trail,AU-NSW,12 Oct 2017,L4214132,S39855621,,1
844,17787,species,Yellow-faced Honeyeater,Caligavis chrysops,1,Royal National Park--The Meadows Trail,AU-NSW,12 Oct 2017,L4214132,S39855621,,1
845,8187,species,Gray Goshawk,Tachyspiza novaehollandiae,1,Royal National Park--Garie Beach,AU-NSW,12 Oct 2017,L2967168,S39855626,,1
846,12265,species,Australian King-Parrot,Alisterus scapularis,2,Royal National Park--The Forest Path,AU-NSW,12 Oct 2017,L2555880,S39855810,,1
847,7661,species,White-faced Heron,Egretta novaehollandiae,10,Royal National Park--Cabbage Tree Basin,AU-NSW,12 Oct 2017,L2556212,S39855631,,1
848,5791,species,Pied Oystercatcher,Haematopus longirostris,2,Royal National Park--Cabbage Tree Basin,AU-NSW,12 Oct 2017,L2556212,S39855631,,1
849,18130,species,White-naped Honeyeater,Melithreptus lunatus,1,Bundeena,AU-NSW,11 Oct 2017,L3005370,S39822160,,1
850,21608,species,Australian Raven,Corvus coronoides,1,Bundeena,AU-NSW,11 Oct 2017,L3005370,S39823132,,1
851,12176,species,Galah,Eolophus roseicapilla,1,Bundeena,AU-NSW,11 Oct 2017,L3005370,S39823132,,1
852,20270,species,Willie-wagtail,Rhipidura leucophrys,3,Royal National Park--Ironbark Flat,AU-NSW,11 Oct 2017,L2556392,S39822365,,1
853,10179,species,Sacred Kingfisher,Todiramphus sanctus,1,Royal National Park--Ironbark Flat,AU-NSW,11 Oct 2017,L2556392,S39822365,,1
854,9940,species,Azure Kingfisher,Ceyx azureus,2,Royal National Park--Ironbark Flat,AU-NSW,11 Oct 2017,L2556392,S39822365,,1
855,7801,species,Australian Pelican,Pelecanus conspicillatus,1,Royal National Park--Ironbark Flat,AU-NSW,11 Oct 2017,L2556392,S39822365,,1
856,7414,species,Pied Cormorant,Phalacrocorax varius,3,Royal National Park--Ironbark Flat,AU-NSW,11 Oct 2017,L2556392,S39822365,,1
857,6840,species,Australasian Grebe,Tachybaptus novaehollandiae,4,Royal National Park--Ironbark Flat,AU-NSW,11 Oct 2017,L2556392,S39822365,,1
858,5525,species,Australasian Swamphen,Porphyrio melanotus,12,Royal National Park--Ironbark Flat,AU-NSW,11 Oct 2017,L2556392,S39822365,,1
859,5487,species,Eurasian Coot,Fulica atra,,Royal National Park--Ironbark Flat,AU-NSW,11 Oct 2017,L2556392,S39822365,,1
860,642,species,Chestnut Teal,Anas castanea,2,Royal National Park--Ironbark Flat,AU-NSW,11 Oct 2017,L2556392,S39822365,,1
861,2082,species,Brown Cuckoo-Dove,Macropygia phasianella,1,Leura,AU-NSW,10 Oct 2017,L2557633,S39803208,,1
862,18686,species,Black-faced Cuckooshrike,Coracina novaehollandiae,4,"Everglades Gardens, Leura AU-NSW (-33.7223,150.3375)",AU-NSW,10 Oct 2017,L6337117,S39803379,,1
863,12163,species,Glossy Black-Cockatoo,Calyptorhynchus lathami,1,"Sublime Point Road, Leura",AU-NSW,10 Oct 2017,L2790521,S39815967,,1
864,18210,species,Noisy Friarbird,Philemon corniculatus,1,"Cahills Lookout, Katoomba",AU-NSW,10 Oct 2017,L2557612,S39797061,,1
865,28500,species,Eurasian Blackbird,Turdus merula,2,Blue Mountains Botanic Garden,AU-NSW,09 Oct 2017,L2556612,S39782646,N,1
866,18402,species,Brown Thornbill,Acanthiza pusilla,2,Blue Mountains Botanic Garden,AU-NSW,09 Oct 2017,L2556612,S39782646,,1
867,18309,species,White-browed Scrubwren,Sericornis frontalis,2,Blue Mountains Botanic Garden,AU-NSW,09 Oct 2017,L2556612,S39782646,,1
868,17859,species,Little Wattlebird,Anthochaera chrysoptera,1,Blue Mountains Botanic Garden,AU-NSW,09 Oct 2017,L2556612,S39782646,,1
869,17743,species,Lewin's Honeyeater,Meliphaga lewinii,1,Blue Mountains Botanic Garden,AU-NSW,09 Oct 2017,L2556612,S39782646,,1
870,17706,species,Eastern Spinebill,Acanthorhynchus tenuirostris,1,Blue Mountains Botanic Garden,AU-NSW,09 Oct 2017,L2556612,S39782646,,1
871,12480,species,Crimson Rosella,Platycercus elegans,3,Blue Mountains Botanic Garden,AU-NSW,09 Oct 2017,L2556612,S39782646,,1
872,795,species,Australian Brushturkey,Alectura lathami,1,Blue Mountains Botanic Garden,AU-NSW,09 Oct 2017,L2556612,S39782646,,1
873,459,species,Maned Duck,Chenonetta jubata,12,Royal Botanic Gardens (Sydney),AU-NSW,08 Oct 2017,L915566,S39613319,,1
874,18102,species,New Holland Honeyeater,Phylidonyris novaehollandiae,3,Sydney Harbour National Park--South Head,AU-NSW,08 Oct 2017,L2555771,S39611256,,1
875,17865,species,Red Wattlebird,Anthochaera carunculata,8,Sydney Harbour National Park--South Head,AU-NSW,08 Oct 2017,L2555771,S39611256,,1
876,17670,species,Superb Fairywren,Malurus cyaneus,2,Sydney Harbour National Park--South Head,AU-NSW,08 Oct 2017,L2555771,S39611256,,1
877,2064,species,Spotted Dove,Spilopelia chinensis,2,Sydney Harbour National Park--South Head,AU-NSW,08 Oct 2017,L2555771,S39611256,N,1
878,24184,species,Welcome Swallow,Hirundo neoxena,4,Royal Botanic Gardens (Sydney),AU-NSW,07 Oct 2017,L915566,S39591405,,1
879,20947,species,Magpie-lark,Grallina cyanoleuca,1,Royal Botanic Gardens (Sydney),AU-NSW,07 Oct 2017,L915566,S39591405,,1
880,19807,species,Pied Currawong,Strepera graculina,1,Royal Botanic Gardens (Sydney),AU-NSW,07 Oct 2017,L915566,S39591405,,1
881,19793,species,Australian Magpie,Gymnorhina tibicen,1,Royal Botanic Gardens (Sydney),AU-NSW,07 Oct 2017,L915566,S39591405,,1
882,17808,species,Noisy Miner,Manorina melanocephala,15,Royal Botanic Gardens (Sydney),AU-NSW,07 Oct 2017,L915566,S39591405,,1
883,12680,species,Rainbow Lorikeet,Trichoglossus moluccanus,6,Royal Botanic Gardens (Sydney),AU-NSW,07 Oct 2017,L915566,S39591405,,1
884,12212,species,Sulphur-crested Cockatoo,Cacatua galerita,5,Royal Botanic Gardens (Sydney),AU-NSW,07 Oct 2017,L915566,S39591405,,1
885,10028,species,Laughing Kookaburra,Dacelo novaeguineae,1,Royal Botanic Gardens (Sydney),AU-NSW,07 Oct 2017,L915566,S39591405,,1
886,7498,species,Australian Ibis,Threskiornis molucca,10,Royal Botanic Gardens (Sydney),AU-NSW,07 Oct 2017,L915566,S39591405,,1
887,7413,species,Little Black Cormorant,Phalacrocorax sulcirostris,1,Royal Botanic Gardens (Sydney),AU-NSW,07 Oct 2017,L915566,S39591405,,1
888,7377,species,Little Pied Cormorant,Microcarbo melanoleucos,1,Royal Botanic Gardens (Sydney),AU-NSW,07 Oct 2017,L915566,S39591405,,1
889,6463,species,Silver Gull,Chroicocephalus novaehollandiae,3,Royal Botanic Gardens (Sydney),AU-NSW,07 Oct 2017,L915566,S39591405,,1
890,5891,species,Masked Lapwing,Vanellus miles,2,Royal Botanic Gardens (Sydney),AU-NSW,07 Oct 2017,L915566,S39591405,,1
891,5478,species,Dusky Moorhen,Gallinula tenebrosa,4,Royal Botanic Gardens (Sydney),AU-NSW,07 Oct 2017,L915566,S39591405,,1
892,2212,species,Crested Pigeon,Ocyphaps lophotes,1,Royal Botanic Gardens (Sydney),AU-NSW,07 Oct 2017,L915566,S39591405,,1
893,534,species,Pacific Black Duck,Anas superciliosa,2,Royal Botanic Gardens (Sydney),AU-NSW,07 Oct 2017,L915566,S39591405,,1
894,16952,species,Willow Flycatcher,Empidonax traillii,1,Point Pelee NP--Tip,CA-ON,13 May 2017,L611224,S36793616,,1
895,6221,species,White-rumped Sandpiper,Calidris fuscicollis,2,Hillman Marsh CA (general location),CA-ON,11 May 2017,L283720,S36743253,,1
896,6576,species,Lesser Black-backed Gull,Larus fuscus,1,Hillman Marsh CA (general location),CA-ON,10 May 2017,L283720,S36716767,,1
897,27348,species,Carolina Wren,Thryothorus ludovicianus,1,Sheldon Marsh State Nature Preserve,US-OH,04 May 2017,L275453,S36536876,,1
898,22160,species,Tufted Titmouse,Baeolophus bicolor,1,Magee Marsh--Boardwalk,US-OH,02 May 2017,L275986,S36506146,,1
899,16261,species,Yellow-green Tyrannulet,Phylloscartes flavovirens,2,Reserva San Francisco,PA-8,08 Apr 2017,L1092612,S35794454,,1
900,15259,species,Ochre-throated Foliage-gleaner,Automolus ochrolaemus,1,Reserva San Francisco,PA-8,08 Apr 2017,L1092612,S35794454,,1
901,14549,species,Scaly-throated Leaftosser,Sclerurus guatemalensis,1,Reserva San Francisco,PA-8,08 Apr 2017,L1092612,S35794454,,1
902,10522,species,Great Jacamar,Jacamerops aureus,1,Reserva San Francisco,PA-8,08 Apr 2017,L1092612,S35794454,,1
903,13723,species,Pacific Antwren,Myrmotherula pacifica,2,Canopy Camp,PA-5,07 Apr 2017,L3379895,S35777823,,1
904,11965,species,Red-throated Caracara,Ibycter americanus,1,Canopy Camp,PA-5,07 Apr 2017,L3379895,S35759813,,1
905,13812,species,Rusty-winged Antwren,Herpsilochmus frater,1,"8.5775x-77.8576 - Apr 6, 2017, 2:37 PM",PA-EM,06 Apr 2017,L5663749,S35758753,,1
906,8083,species,Crested Eagle,Morphnus guianensis,2,"8.5775x-77.8576 - Apr 6, 2017, 2:37 PM",PA-EM,06 Apr 2017,L5663749,S35758753,,1
907,17262,species,Choco Sirystes,Sirystes albogriseus,1,Lajas Blancas,PA-EM,06 Apr 2017,L5683119,S35739384,,1
908,13979,species,Bare-crowned Antbird,Gymnocichla nudiceps,1,Lajas Blancas,PA-EM,06 Apr 2017,L5683119,S35739384,,1
909,13716,species,Moustached Antwren,Myrmotherula ignota,1,Lajas Blancas,PA-EM,06 Apr 2017,L5683119,S35739384,,1
910,12996,species,Spectacled Parrotlet,Forpus conspicillatus,2,Quebrada Félix,PA-5,05 Apr 2017,L3384849,S35725175,,1
911,13149,species,Great Green Macaw,Ara ambiguus,3,Las Doncellas (Aligandí),PA-5,05 Apr 2017,L4233775,S35725123,,1
912,10396,species,Barred Puffbird,Nystalus radiatus,1,Camino a Nuevo Vigía--Puente sobre Río Chucunaque,PA-EM,05 Apr 2017,L2736449,S35717559,,1
913,7838,species,Pearl Kite,Gampsonyx swainsonii,1,Nuevo Vigía Emberá,PA-EM,05 Apr 2017,L1129836,S35717094,,1
914,10322,species,Green-and-rufous Kingfisher,Chloroceryle inda,1,Nuevo Vigía Emberá,PA-EM,05 Apr 2017,L1129836,S35716829,,1
915,33594,species,Red-breasted Meadowlark,Leistes militaris,1,Río Membrillo,PA-5,05 Apr 2017,L4964434,S35716789,,1
916,27380,species,White-headed Wren,Campylorhynchus albobrunneus,2,Río Membrillo,PA-5,05 Apr 2017,L4964434,S35716789,,1
917,16083,species,One-colored Becard,Pachyramphus homochrous,2,Río Membrillo,PA-5,05 Apr 2017,L4964434,S35716789,,1
918,10384,species,Pied Puffbird,Notharchus tectus,1,Río Membrillo,PA-5,05 Apr 2017,L4964434,S35716789,,1
919,33633,species,Black Oropendola,Psarocolius guatimozinus,3,Yaviza wetlands,PA-5,04 Apr 2017,L1345923,S35705073,,1
920,27162,species,Scaly-breasted Wren,Microcerculus marginatus,1,Quebrada Félix,PA-5,04 Apr 2017,L3384849,S35694159,,1
921,16457,species,Western Olivaceous Flatbill,Rhynchocyclus aequinoctialis,1,Quebrada Félix,PA-5,04 Apr 2017,L3384849,S35694159,,1
922,15840,species,Golden-headed Manakin,Ceratopipra erythrocephala,1,Quebrada Félix,PA-5,04 Apr 2017,L3384849,S35694159,,1
923,14155,species,Black-crowned Antpitta,Pittasoma michleri,1,Quebrada Félix,PA-5,04 Apr 2017,L3384849,S35694159,,1
924,10461,species,White-fronted Nunbird,Monasa morphoeus,3,Quebrada Félix,PA-5,04 Apr 2017,L3384849,S35694159,,1
925,8334,species,Tiny Hawk,Microspizias superciliosus,1,Quebrada Félix,PA-5,04 Apr 2017,L3384849,S35694159,,1
926,5196,species,Blue-throated Goldentail,Chlorestes eliciae,1,Quebrada Félix,PA-5,04 Apr 2017,L3384849,S35694159,,1
927,4295,species,Pale-bellied Hermit,Phaethornis anthophilus,3,Quebrada Félix,PA-5,04 Apr 2017,L3384849,S35694159,,1
928,33698,species,Orange-crowned Oriole,Icterus auricapillus,1,Camino a El Salto,PA-5,03 Apr 2017,L1421765,S35694229,,1
929,17440,species,Piratic Flycatcher,Legatus leucophaius,1,Camino a El Salto,PA-5,03 Apr 2017,L1421765,S35694229,,1
930,16773,species,Sooty-headed Tyrannulet,Phyllomyias griseiceps,1,Camino a El Salto,PA-5,03 Apr 2017,L1421765,S35694229,,1
931,35244,species,White-eared Conebill,Conirostrum leucogenys,2,Lajas Blancas,PA-EM,03 Apr 2017,L5683119,S35694556,,1
932,17220,species,Long-tailed Tyrant,Colonia colonus,1,Lajas Blancas,PA-EM,03 Apr 2017,L5683119,S35694556,,1
933,13549,species,Black Antshrike,Thamnophilus nigriceps,2,Lajas Blancas,PA-EM,03 Apr 2017,L5683119,S35694556,,1
934,11843,species,Golden-green Woodpecker,Piculus chrysochloros,1,Lajas Blancas,PA-EM,03 Apr 2017,L5683119,S35694556,,1
935,10493,species,Dusky-backed Jacamar,Brachygalba salmoni,2,Lajas Blancas,PA-EM,03 Apr 2017,L5683119,S35694556,,1
936,10445,species,Gray-cheeked Nunlet,Nonnula frontalis,2,Lajas Blancas,PA-EM,03 Apr 2017,L5683119,S35694556,,1
937,8389,species,Plumbeous Kite,Ictinia plumbea,2,Lajas Blancas,PA-EM,03 Apr 2017,L5683119,S35694556,,1
938,8021,species,Black Hawk-Eagle,Spizaetus tyrannus,1,Lajas Blancas,PA-EM,03 Apr 2017,L5683119,S35694556,,1
939,7921,species,Swallow-tailed Kite,Elanoides forficatus,1,Lajas Blancas,PA-EM,03 Apr 2017,L5683119,S35694556,,1
940,16513,species,Ochre-lored Flatbill,Tolmomyias flaviventris,1,Canopy Camp,PA-5,02 Apr 2017,L3379895,S35679439,,1
941,15461,species,Double-banded Graytail,Xenerpestes minlosi,2,Canopy Camp,PA-5,02 Apr 2017,L3379895,S35679439,,1
942,11090,species,Olivaceous Piculet,Picumnus olivaceus,1,Canopy Camp,PA-5,02 Apr 2017,L3379895,S35679439,,1
944,8388,species,Mississippi Kite,Ictinia mississippiensis,1600,Canopy Camp,PA-5,02 Apr 2017,L3379895,S35679439,,1
945,33817,species,Shiny Cowbird,Molothrus bonariensis,1,Tortí,PA-8,02 Apr 2017,L2732559,S35679291,,1
946,15961,species,Black-crowned Tityra,Tityra inquisitor,1,Tortí,PA-8,02 Apr 2017,L2732559,S35679291,,1
947,14921,species,Streak-headed Woodcreeper,Lepidocolaptes souleyetii,1,Tortí,PA-8,02 Apr 2017,L2732559,S35679291,,1
948,11885,species,Spot-breasted Woodpecker,Colaptes punctigula,2,Tortí,PA-8,02 Apr 2017,L2732559,S35679291,,1
949,5020,species,Scaly-breasted Hummingbird,Phaeochroa cuvierii,1,Tortí,PA-8,02 Apr 2017,L2732559,S35679291,,1
950,4384,species,Black-throated Mango,Anthracothorax nigricollis,6,Tortí,PA-8,02 Apr 2017,L2732559,S35679291,,1
951,3029,species,Striped Cuckoo,Tapera naevia,1,Tortí,PA-8,02 Apr 2017,L2732559,S35679291,,1
952,34308,species,Buff-rumped Warbler,Myiothlypis fulvicauda,1,Sendero Ibe Igar,PA-KY,02 Apr 2017,L473673,S35679214,,1
953,15265,species,Western Woodhaunter,Automolus virgatus,1,Sendero Ibe Igar,PA-KY,02 Apr 2017,L473673,S35679214,,1
954,13298,species,Sapayoa,Sapayoa aenigma,2,Sendero Ibe Igar,PA-KY,02 Apr 2017,L473673,S35679214,,1
955,9560,species,Graceful Black-throated Trogon,Trogon tenellus,1,Sendero Ibe Igar,PA-KY,02 Apr 2017,L473673,S35679214,,1
956,33840,species,Giant Cowbird,Molothrus oryzivorus,2,Summit Ponds and Old Gamboa Road,PA-8,01 Apr 2017,L589165,S35623855,,1
957,16134,species,Black-tailed Flycatcher,Myiobius atricaudus,1,Summit Ponds and Old Gamboa Road,PA-8,01 Apr 2017,L589165,S35623855,,1
958,14015,species,White-bellied Antbird,Myrmeciza longipes,2,Summit Ponds and Old Gamboa Road,PA-8,01 Apr 2017,L589165,S35623855,,1
959,2288,species,Blue Ground Dove,Claravis pretiosa,1,Summit Ponds and Old Gamboa Road,PA-8,01 Apr 2017,L589165,S35623855,,1
960,174,species,Little Tinamou,Crypturellus soui,2,Summit Ponds and Old Gamboa Road,PA-8,01 Apr 2017,L589165,S35623855,,1
961,27633,species,Song Wren,Cyphorhinus phaeocephalus,1,Pipeline Road (Camino del Oleoducto) (Área general),PA-3,01 Apr 2017,L454711,S35609914,,1
962,14135,species,Ocellated Antbird,Phaenostictus mcleannani,1,Pipeline Road (Camino del Oleoducto) (Área general),PA-3,01 Apr 2017,L454711,S35609914,,1
963,10926,species,Yellow-throated Toucan,Ramphastos ambiguus,2,Pipeline Road (Camino del Oleoducto) (Área general),PA-3,01 Apr 2017,L454711,S35609914,,1
964,3746,species,Great Potoo,Nyctibius grandis,1,Pipeline Road (Camino del Oleoducto) (Área general),PA-3,01 Apr 2017,L454711,S35609914,,1
965,3032,species,Pheasant Cuckoo,Dromococcyx phasianellus,1,Pipeline Road (Camino del Oleoducto) (Área general),PA-3,01 Apr 2017,L454711,S35609914,,1
966,16037,species,Cinnamon Becard,Pachyramphus cinnamomeus,1,Gamboa Rainforest Reserve,PA-3,31 Mar 2017,L454674,S35593822,,1
967,10377,species,White-necked Puffbird,Notharchus hyperrhynchus,2,Gamboa Rainforest Reserve,PA-3,31 Mar 2017,L454674,S35593822,,1
968,17246,species,Bright-rumped Attila,Attila spadiceus,2,Plantation Road--Parque Nacional Soberanía,PA-8,31 Mar 2017,L454712,S35560462,,1
969,13685,species,Checker-throated Stipplethroat,Epinecrophylla fulviventris,1,Plantation Road--Parque Nacional Soberanía,PA-8,31 Mar 2017,L454712,S35560462,,1
970,6902,species,Sunbittern,Eurypyga helias,1,Plantation Road--Parque Nacional Soberanía,PA-8,31 Mar 2017,L454712,S35560462,,1
971,34621,species,Painted Bunting,Passerina ciris,1,Summit Ponds and Old Gamboa Road,PA-8,30 Mar 2017,L589165,S35550498,,1
972,17308,species,Panama Flycatcher,Myiarchus panamensis,1,Summit Ponds and Old Gamboa Road,PA-8,30 Mar 2017,L589165,S35550498,,1
973,8498,species,Zone-tailed Hawk,Buteo albonotatus,1,Summit Ponds and Old Gamboa Road,PA-8,30 Mar 2017,L589165,S35550498,,1
974,727,species,Harlequin Duck,Histrionicus histrionicus,1,Ottawa--Rideau Tennis Club,CA-ON,20 Mar 2017,L638741,S35315878,,1
975,35819,species,Streaked Saltator,Saltator striatipectus,1,Summit Ponds and Old Gamboa Road,PA-8,23 Nov 2016,L589165,S32684684,,1
976,34777,species,White-lined Tanager,Tachyphonus rufus,1,Summit Ponds and Old Gamboa Road,PA-8,23 Nov 2016,L589165,S32684684,,1
977,16101,species,Tropical Royal Flycatcher,Onychorhynchus coronatus,1,Summit Ponds and Old Gamboa Road,PA-8,23 Nov 2016,L589165,S32684684,,1
978,27554,species,Buff-breasted Wren,Cantorchilus leucotis,1,Ammo Dump Ponds,PA-3,23 Nov 2016,L1740339,S32679563,,1
979,19085,species,Scrub Greenlet,Hylophilus flavipes,1,Ammo Dump Ponds,PA-3,23 Nov 2016,L1740339,S32679563,,1
980,10313,species,American Pygmy Kingfisher,Chloroceryle aenea,1,Ammo Dump Ponds,PA-3,23 Nov 2016,L1740339,S32679563,,1
981,7537,species,Rufescent Tiger-Heron,Tigrisoma lineatum,1,Ammo Dump Ponds,PA-3,23 Nov 2016,L1740339,S32679563,,1
982,5643,species,White-throated Crake,Laterallus albigularis,1,Ammo Dump Ponds,PA-3,23 Nov 2016,L1740339,S32679563,,1
983,16653,species,Yellow-crowned Tyrannulet,Tyrannulus elatus,1,Gamboa Rainforest Reserve--Marina,PA-3,20 Nov 2016,L1046865,S32642162,,1
984,32045,species,Fulvous-vented Euphonia,Euphonia fulvicrissa,1,Canopy Bed & Breakfast,PA-3,20 Nov 2016,L1293072,S32642102,,1
985,16325,species,Southern Bentbill,Oncostoma olivaceum,1,Semaphore Hill Road--Parque Nacional Soberanía,PA-8,20 Nov 2016,L454718,S32635012,,1
986,15910,species,Purple-throated Fruitcrow,Querula purpurata,4,Semaphore Hill Road--Parque Nacional Soberanía,PA-8,20 Nov 2016,L454718,S32635012,,1
987,14707,species,Northern Barred-Woodcreeper,Dendrocolaptes sanctithomae,1,Semaphore Hill Road--Parque Nacional Soberanía,PA-8,20 Nov 2016,L454718,S32635012,,1
988,14020,species,Chestnut-backed Antbird,Poliocrania exsul,2,Semaphore Hill Road--Parque Nacional Soberanía,PA-8,20 Nov 2016,L454718,S32635012,,1
989,13536,species,Black-crowned Antshrike,Thamnophilus atrinucha,1,Semaphore Hill Road--Parque Nacional Soberanía,PA-8,20 Nov 2016,L454718,S32635012,,1
990,126,species,Great Tinamou,Tinamus major,1,Semaphore Hill Road--Parque Nacional Soberanía,PA-8,20 Nov 2016,L454718,S32635012,,1
991,27117,species,White-browed Gnatcatcher,Polioptila bilineata,1,Canopy Tower,PA-8,20 Nov 2016,L454638,S32636985,,1
992,16440,species,Black-headed Tody-Flycatcher,Todirostrum nigriceps,1,Canopy Tower,PA-8,20 Nov 2016,L454638,S32636985,,1
993,15923,species,Blue Cotinga,Cotinga nattererii,1,Canopy Tower,PA-8,20 Nov 2016,L454638,S32636985,,1
994,7625,species,Capped Heron,Pilherodius pileatus,1,Canopy Tower,PA-8,20 Nov 2016,L454638,S32636985,,1
995,13936,species,Jet Antbird,Cercomacra nigricans,1,Summit Ponds and Old Gamboa Road,PA-8,19 Nov 2016,L589165,S32625767,,1
996,13464,species,Great Antshrike,Taraba major,1,Summit Ponds and Old Gamboa Road,PA-8,19 Nov 2016,L589165,S32625767,,1
997,9543,species,Gartered Violaceous Trogon,Trogon caligatus,1,Summit Ponds and Old Gamboa Road,PA-8,19 Nov 2016,L589165,S32625767,,1
998,8897,species,Spectacled Owl,Pulsatrix perspicillata,1,Summit Ponds and Old Gamboa Road,PA-8,19 Nov 2016,L589165,S32625767,,1
999,3911,species,Short-tailed Swift,Chaetura brachyura,1,Summit Ponds and Old Gamboa Road,PA-8,19 Nov 2016,L589165,S32625767,,1
1000,3025,species,Greater Ani,Crotophaga major,3,Summit Ponds and Old Gamboa Road,PA-8,19 Nov 2016,L589165,S32625767,,1
1001,19151,species,Golden-fronted Greenlet,Pachysylvia aurantiifrons,1,Parque Natural Metropolitano,PA-8,19 Nov 2016,L454708,S32619553,,1
1002,16654,species,Forest Elaenia,Myiopagis gaimardii,2,Parque Natural Metropolitano,PA-8,19 Nov 2016,L454708,S32619553,,1
1003,16494,species,Yellow-winged Flatbill,Tolmomyias flavotectus,1,Parque Natural Metropolitano,PA-8,19 Nov 2016,L454708,S32619553,,1
1004,34761,species,White-shouldered Tanager,Loriotus luctuosus,2,Parque Municipal Summit,PA-8,18 Nov 2016,L454709,S32610414,,1
1005,27444,species,Black-bellied Wren,Pheugopedius fasciatoventris,1,Parque Municipal Summit,PA-8,18 Nov 2016,L454709,S32610414,,1
1006,8391,species,Crane Hawk,Geranospiza caerulescens,1,Parque Municipal Summit,PA-8,18 Nov 2016,L454709,S32610414,,1
1007,5205,species,Violet-bellied Hummingbird,Chlorestes julie,1,Canopy Tower,PA-8,18 Nov 2016,L454638,S32610424,,1
1008,16182,species,Golden-crowned Spadebill,Platyrinchus coronatus,2,Plantation Road--Parque Nacional Soberanía,PA-8,18 Nov 2016,L454712,S32606575,,1
1009,13445,species,Fasciated Antshrike,Cymbilaimus lineatus,1,Plantation Road--Parque Nacional Soberanía,PA-8,18 Nov 2016,L454712,S32606575,,1
1010,11788,species,Cinnamon Woodpecker,Celeus loricatus,1,Plantation Road--Parque Nacional Soberanía,PA-8,18 Nov 2016,L454712,S32606575,,1
1011,19108,species,Green Shrike-Vireo,Vireolanius pulchellus,1,Canopy Tower,PA-8,18 Nov 2016,L454638,S32602853,,1
1012,16549,species,Brown-capped Tyrannulet,Ornithion brunneicapillus,2,Canopy Tower,PA-8,18 Nov 2016,L454638,S32602853,,1
1013,5190,species,Blue-chested Hummingbird,Polyerata amabilis,2,Canopy Tower,PA-8,18 Nov 2016,L454638,S32602853,,1
1014,14664,species,Plain-brown Woodcreeper,Dendrocincla fuliginosa,1,Gamboa--Sendero La Chunga,PA-3,17 Nov 2016,L2586493,S32596526,,1
1015,1947,species,Scaled Pigeon,Patagioenas speciosa,1,Gamboa--Sendero La Chunga,PA-3,17 Nov 2016,L2586493,S32596526,,1
1016,33649,species,Yellow-rumped Cacique,Cacicus cela,1,Panama Rainforest Discovery Center,PA-3,17 Nov 2016,L454707,S32596489,,1
1017,33645,species,Scarlet-rumped Cacique,Cacicus uropygialis,1,Panama Rainforest Discovery Center,PA-3,17 Nov 2016,L454707,S32596489,,1
1018,16110,species,Ruddy-tailed Flycatcher,Terenotriccus erythrurus,1,Panama Rainforest Discovery Center,PA-3,17 Nov 2016,L454707,S32596489,,1
1019,15836,species,Red-capped Manakin,Ceratopipra mentalis,2,Panama Rainforest Discovery Center,PA-3,17 Nov 2016,L454707,S32596489,,1
1020,15733,species,Velvety Manakin,Lepidothrix velutina,2,Panama Rainforest Discovery Center,PA-3,17 Nov 2016,L454707,S32596489,,1
1021,14853,species,Black-striped Woodcreeper,Xiphorhynchus lachrymosus,1,Panama Rainforest Discovery Center,PA-3,17 Nov 2016,L454707,S32596489,,1
1022,14477,species,Black-faced Antthrush,Formicarius analis,1,Panama Rainforest Discovery Center,PA-3,17 Nov 2016,L454707,S32596489,,1
1023,14076,species,Bicolored Antbird,Gymnopithys bicolor,3,Panama Rainforest Discovery Center,PA-3,17 Nov 2016,L454707,S32596489,,1
1024,9540,species,White-tailed Trogon,Trogon chionurus,1,Panama Rainforest Discovery Center,PA-3,17 Nov 2016,L454707,S32596489,,1
1025,9529,species,Black-tailed Trogon,Trogon melanurus,1,Panama Rainforest Discovery Center,PA-3,17 Nov 2016,L454707,S32596489,,1
1026,10382,species,Black-breasted Puffbird,Notharchus pectoralis,1,Canopy Tower,PA-8,17 Nov 2016,L454638,S32596455,,1
1027,4273,species,Long-billed Hermit,Phaethornis longirostris,1,Canopy Tower,PA-8,17 Nov 2016,L454638,S32596455,,1
1028,17365,species,Lesser Kiskadee,Philohydor lictor,1,Gamboa Rainforest Reserve--Camino al teleférico,PA-3,16 Nov 2016,L3275044,S32587104,,1
1029,4169,species,Lesser Swallow-tailed Swift,Panyptila cayennensis,2,Gamboa Rainforest Reserve--Camino al teleférico,PA-3,16 Nov 2016,L3275044,S32587104,,1
1030,14821,species,Cocoa Woodcreeper,Xiphorhynchus susurrans,1,Chorro Macho (Canopy Adventure),PA-2,15 Nov 2016,L9526634,S32571233,,1
1031,4967,species,White-vented Plumeleteer,Chalybura buffonii,1,Chorro Macho (Canopy Adventure),PA-2,15 Nov 2016,L9526634,S32571233,,1
1032,4913,species,Garden Emerald,Chlorostilbon assimilis,1,Chorro Macho (Canopy Adventure),PA-2,15 Nov 2016,L9526634,S32571233,,1
1033,32684,species,Rosy Thrush-Tanager,Rhodinocichla rosea,1,"8.5972x-80.1314 - Nov 15, 2016, 10:45 AM",PA-2,15 Nov 2016,L5083896,S32565195,,1
1034,27523,species,Rufous-and-white Wren,Thryophilus rufalbus,1,"8.5972x-80.1314 - Nov 15, 2016, 10:45 AM",PA-2,15 Nov 2016,L5083896,S32565195,,1
1035,15766,species,Golden-collared Manakin,Manacus vitellinus,1,Cara Iguana,PA-2,15 Nov 2016,L2119256,S32565218,,1
1036,13102,species,Brown-throated Parakeet,Eupsittula pertinax,2,"8.4416x-80.2557 - Nov 14, 2016, 3:56 PM",PA-2,14 Nov 2016,L5083900,S32565224,,1
1037,12836,species,Orange-chinned Parakeet,Brotogeris jugularis,2,Santa Clara,PA-2,14 Nov 2016,L879799,S32558458,,1
1038,9037,species,Ferruginous Pygmy-Owl,Glaucidium brasilianum,1,Santa Clara,PA-2,14 Nov 2016,L879799,S32558458,,1
1039,8419,species,Savanna Hawk,Buteogallus meridionalis,1,Santa Clara,PA-2,14 Nov 2016,L879799,S32558458,,1
1040,14871,species,Straight-billed Woodcreeper,Dendroplex picus,1,"8.3423x-80.2152 - Nov 14, 2016, 11:03 AM",PA-2,14 Nov 2016,L5082475,S32557121,,1
1041,4393,species,Veraguan Mango,Anthracothorax veraguensis,1,"8.3423x-80.2152 - Nov 14, 2016, 11:03 AM",PA-2,14 Nov 2016,L5082475,S32557121,,1
1042,12092,species,Aplomado Falcon,Falco femoralis,2,"8.3753x-80.2276 - Nov 14, 2016, 10:27 AM",PA-2,14 Nov 2016,L5082470,S32557075,,1
1043,19051,species,Rufous-browed Peppershrike,Cyclarhis gujanensis,1,"8.3893x-80.2301 - Nov 14, 2016, 9:15 AM",PA-2,14 Nov 2016,L5082465,S32557060,,1
1044,16698,species,Yellow-bellied Elaenia,Elaenia flavogaster,1,"8.3893x-80.2301 - Nov 14, 2016, 9:15 AM",PA-2,14 Nov 2016,L5082465,S32557060,,1
1045,8504,species,Swainson's Hawk,Buteo swainsoni,1,"8.4017x-80.2638 - Nov 14, 2016, 8:47 AM",PA-2,14 Nov 2016,L5082460,S32557008,,1
1046,5152,species,Sapphire-throated Hummingbird,Chrysuronia coeruleogularis,1,"8.4017x-80.2638 - Nov 14, 2016, 8:47 AM",PA-2,14 Nov 2016,L5082460,S32557008,,1
1047,15699,species,Lance-tailed Manakin,Chiroxiphia lanceolata,1,"8.4622x-80.2520 - Nov 14, 2016, 8:02 AM",PA-2,14 Nov 2016,L5082453,S32556975,,1
1049,24093,species,Gray-breasted Martin,Progne chalybea,3,"8.5583x-80.1896 - Nov 14, 2016, 7:09 AM",PA-2,14 Nov 2016,L5082358,S32556364,,1
1050,27541,species,Bay Wren,Cantorchilus nigricapillus,1,Camino La Mesa-Rio Indio,PA-2,13 Nov 2016,L499992,S32526147,,1
1051,27069,species,Tawny-faced Gnatwren,Microbates cinereiventris,1,Camino La Mesa-Rio Indio,PA-2,13 Nov 2016,L499992,S32526147,,1
1052,10787,species,Spot-crowned Barbet,Capito maculicoronatus,2,Canopy Lodge,PA-2,13 Nov 2016,L604642,S32519254,,1
1053,27483,species,Rufous-breasted Wren,Pheugopedius rutilus,1,"8.6040x-80.0884 - Nov 13, 2016, 10:24 AM",PA-8,13 Nov 2016,L5079097,S32519353,,1
1054,4976,species,Crowned Woodnymph,Thalurania colombica,1,"8.6040x-80.0884 - Nov 13, 2016, 10:24 AM",PA-8,13 Nov 2016,L5079097,S32519353,,1
1055,34006,species,Mourning Warbler,Geothlypis philadelphia,1,"8.6042x-80.0880 - Nov 13, 2016, 7:51 AM",PA-8,13 Nov 2016,L5079093,S32519336,,1
1056,32982,species,Black-striped Sparrow,Arremonops conirostris,1,"8.6042x-80.0880 - Nov 13, 2016, 7:51 AM",PA-8,13 Nov 2016,L5079093,S32519336,,1
1057,17403,species,Gray-capped Flycatcher,Myiozetetes granadensis,2,"8.6042x-80.0880 - Nov 13, 2016, 7:51 AM",PA-8,13 Nov 2016,L5079093,S32519336,,1
1058,16950,species,Acadian Flycatcher,Empidonax virescens,1,"8.6042x-80.0880 - Nov 13, 2016, 7:51 AM",PA-8,13 Nov 2016,L5079093,S32519336,,1
1059,16554,species,Southern Beardless-Tyrannulet,Camptostoma obsoletum,1,"8.6042x-80.0880 - Nov 13, 2016, 7:51 AM",PA-8,13 Nov 2016,L5079093,S32519336,,1
1060,16233,species,Sepia-capped Flycatcher,Leptopogon amaurocephalus,1,"8.6042x-80.0880 - Nov 13, 2016, 7:51 AM",PA-8,13 Nov 2016,L5079093,S32519336,,1
1061,9846,species,Tody Motmot,Hylomanes momotula,1,"8.6042x-80.0880 - Nov 13, 2016, 7:51 AM",PA-8,13 Nov 2016,L5079093,S32519336,,1
1062,8474,species,Gray-lined Hawk,Buteo nitidus,1,"8.6042x-80.0880 - Nov 13, 2016, 7:51 AM",PA-8,13 Nov 2016,L5079093,S32519336,,1
1063,4963,species,Bronze-tailed Plumeleteer,Chalybura urochrysia,1,"8.6042x-80.0880 - Nov 13, 2016, 7:51 AM",PA-8,13 Nov 2016,L5079093,S32519336,,1
1064,35230,species,Black-and-yellow Tanager,Chrysothlypis chrysomelas,1,Canopy Lodge,PA-2,12 Nov 2016,L604642,S32519275,,1
1065,32867,species,Common Chlorospingus,Chlorospingus flavopectus,1,Canopy Lodge,PA-2,12 Nov 2016,L604642,S32519275,,1
1066,32022,species,White-vented Euphonia,Euphonia minuta,1,Canopy Lodge,PA-2,12 Nov 2016,L604642,S32519275,,1
1067,32018,species,Yellow-crowned Euphonia,Euphonia luteicapilla,1,Canopy Lodge,PA-2,12 Nov 2016,L604642,S32519275,,1
1068,27241,species,Ochraceous Wren,Troglodytes ochraceus,1,Canopy Lodge,PA-2,12 Nov 2016,L604642,S32519275,,1
1069,16883,species,Tufted Flycatcher,Mitrephanes phaeocercus,8,Canopy Lodge,PA-2,12 Nov 2016,L604642,S32519275,,1
1070,16272,species,Rufous-browed Tyrannulet,Phylloscartes superciliaris,1,Canopy Lodge,PA-2,12 Nov 2016,L604642,S32519275,,1
1071,16207,species,Olive-striped Flycatcher,Mionectes galbinus,1,Canopy Lodge,PA-2,12 Nov 2016,L604642,S32519275,,1
1072,16165,species,White-throated Spadebill,Platyrinchus mystaceus,1,Canopy Lodge,PA-2,12 Nov 2016,L604642,S32519275,,1
1073,15718,species,White-ruffed Manakin,Corapipo altera,1,Canopy Lodge,PA-2,12 Nov 2016,L604642,S32519275,,1
1074,15514,species,Red-faced Spinetail,Cranioleuca erythrops,2,Canopy Lodge,PA-2,12 Nov 2016,L604642,S32519275,,1
1075,15287,species,Spotted Barbtail,Premnoplex brunnescens,1,Canopy Lodge,PA-2,12 Nov 2016,L604642,S32519275,,1
1076,11558,species,Crimson-crested Woodpecker,Campephilus melanoleucos,1,Canopy Lodge,PA-2,12 Nov 2016,L604642,S32519275,,1
1077,10836,species,Northern Emerald-Toucanet,Aulacorhynchus prasinus,1,Canopy Lodge,PA-2,12 Nov 2016,L604642,S32519275,,1
1078,954,species,Gray-headed Chachalaca,Ortalis cinereiceps,10,Canopy Lodge,PA-2,12 Nov 2016,L604642,S32519275,,1
1079,854,species,Black Guan,Chamaepetes unicolor,1,Canopy Lodge,PA-2,12 Nov 2016,L604642,S32519275,,1
1080,33629,species,Chestnut-headed Oropendola,Psarocolius wagleri,2,Canopy Lodge,PA-2,11 Nov 2016,L604642,S32494590,,1
1081,33624,species,Crested Oropendola,Psarocolius decumanus,1,Canopy Lodge,PA-2,11 Nov 2016,L604642,S32494590,,1
1082,12861,species,Brown-hooded Parrot,Pyrilia haematotis,3,Canopy Lodge,PA-2,11 Nov 2016,L604642,S32494590,,1
1083,34775,species,Tawny-crested Tanager,Tachyphonus delatrii,1,Camino a La Mesa,PA-2,11 Nov 2016,L2149551,S32494405,,1
1084,32049,species,Tawny-capped Euphonia,Euphonia anneae,1,Camino a La Mesa,PA-2,11 Nov 2016,L2149551,S32494405,,1
1085,21259,species,Black-chested Jay,Cyanocorax affinis,5,Camino a La Mesa,PA-2,11 Nov 2016,L2149551,S32494405,,1
1086,16859,species,Bran-colored Flycatcher,Myiophobus fasciatus,1,Camino a La Mesa,PA-2,11 Nov 2016,L2149551,S32494405,,1
1087,14973,species,Northern Plain-Xenops,Xenops mexicanus,1,Camino a La Mesa,PA-2,11 Nov 2016,L2149551,S32494405,,1
1088,14857,species,Spotted Woodcreeper,Xiphorhynchus erythropygius,1,Camino a La Mesa,PA-2,11 Nov 2016,L2149551,S32494405,,1
1089,14683,species,Wedge-billed Woodcreeper,Glyphorynchus spirurus,1,Camino a La Mesa,PA-2,11 Nov 2016,L2149551,S32494405,,1
1090,14104,species,Spotted Antbird,Hylophylax naevioides,1,Camino a La Mesa,PA-2,11 Nov 2016,L2149551,S32494405,,1
1091,13731,species,White-flanked Antwren,Myrmotherula axillaris,1,Camino a La Mesa,PA-2,11 Nov 2016,L2149551,S32494405,,1
1092,13627,species,Plain Antvireo,Dysithamnus mentalis,1,Camino a La Mesa,PA-2,11 Nov 2016,L2149551,S32494405,,1
1093,9891,species,Broad-billed Motmot,Electron platyrhynchum,1,Camino a La Mesa,PA-2,11 Nov 2016,L2149551,S32494405,,1
1094,9883,species,Rufous Motmot,Baryphthengus martii,1,Camino a La Mesa,PA-2,11 Nov 2016,L2149551,S32494405,,1
1095,8810,species,Tropical Screech-Owl,Megascops choliba,2,Camino a La Mesa,PA-2,11 Nov 2016,L2149551,S32494405,,1
1096,4931,species,Violet-headed Hummingbird,Klais guimeti,1,Camino a La Mesa,PA-2,11 Nov 2016,L2149551,S32494405,,1
1097,4725,species,Long-billed Starthroat,Heliomaster longirostris,1,Camino a La Mesa,PA-2,11 Nov 2016,L2149551,S32494405,,1
1098,4231,species,White-tipped Sicklebill,Eutoxeres aquila,1,Camino a La Mesa,PA-2,11 Nov 2016,L2149551,S32494405,,1
1099,2325,species,White-tipped Dove,Leptotila verreauxi,1,Camino a La Mesa,PA-2,11 Nov 2016,L2149551,S32494405,,1
1100,34233,species,Chestnut-capped Warbler,Basileuterus delattrii,1,PA-Panamá-Panama City-Calle Gorgas - 8.9623x-79.5489,PA-8,10 Nov 2016,L5075189,S32494739,,1
1101,17429,species,Streaked Flycatcher,Myiodynastes maculatus,1,PA-Panamá-Panama City-Calle Gorgas - 8.9623x-79.5489,PA-8,10 Nov 2016,L5075189,S32494739,,1
1102,5441,species,Gray-cowled Wood-Rail,Aramides cajaneus,1,PA-Panamá-Panama City-Calle Gorgas - 8.9623x-79.5489,PA-8,10 Nov 2016,L5075189,S32494739,,1
1103,5071,species,Snowy-bellied Hummingbird,Saucerottia edward,1,PA-Panamá-Panama City-Calle Gorgas - 8.9623x-79.5489,PA-8,10 Nov 2016,L5075189,S32494739,,1
1104,33973,species,Orange-crowned Warbler,Leiothlypis celata,1,RNF du Cap-Tourmente (SVP choisir des endroits plus précis),CA-QC,01 Oct 2016,L164932,S31839922,,1
1105,6396,species,Black Guillemot,Cepphus grylle,1,PN Archipel-de-Mingan--Île aux Perroquets,CA-QC,28 Aug 2016,L2995251,S31316311,,1
1106,6379,species,Atlantic Puffin,Fratercula arctica,5,PN Archipel-de-Mingan--Île aux Perroquets,CA-QC,28 Aug 2016,L2995251,S31316311,,1
1107,6449,species,Black-legged Kittiwake,Rissa tridactyla,,Centre de découverte du milieu marin,CA-QC,24 Aug 2016,L3974482,S31230296,,1
1108,34061,species,Cerulean Warbler,Setophaga cerulea,1,Point Pelee NP--Tip,CA-ON,12 May 2016,L611224,S29587443,,1
1109,3238,species,Yellow-billed Cuckoo,Coccyzus americanus,1,Point Pelee NP--Tip,CA-ON,12 May 2016,L611224,S29587443,,1
1110,34059,species,Kirtland's Warbler,Setophaga kirtlandii,1,Point Pelee NP--Tip,CA-ON,09 May 2016,L611224,S29515962,,1
1111,5815,species,American Golden-Plover,Pluvialis dominica,1,Hillman Marsh CA (general location),CA-ON,08 May 2016,L283720,S29500079,,1
1112,33559,species,Yellow-breasted Chat,Icteria virens,1,Magee Marsh--Boardwalk,US-OH,06 May 2016,L275986,S29436056,,1
1113,6064,species,American Woodcock,Scolopax minor,3,Magee Marsh--Boardwalk,US-OH,05 May 2016,L275986,S29416878,,1
1114,33310,species,Lincoln's Sparrow,Melospiza lincolnii,1,Magee Marsh--Boardwalk,US-OH,03 May 2016,L275986,S29378061,,1
1115,5836,species,Piping Plover,Charadrius melodus,1,Point Pelee NP--West Beach,CA-ON,02 May 2016,L1824113,S29396199,,1
1116,12114,species,Peregrine Falcon,Falco peregrinus,1,Parc du Canal-de-Lachine,CA-QC,15 Apr 2016,L1014373,S29098175,,1
1117,26932,species,Brown-headed Nuthatch,Sitta pusilla,1,Jekyll Island (please consider using more specific locations),US-GA,27 Nov 2015,L140461,S26014453,,1
1118,22060,species,Carolina Chickadee,Poecile carolinensis,1,Jekyll Island (please consider using more specific locations),US-GA,27 Nov 2015,L140461,S26014453,,1
1119,737,species,Black Scoter,Melanitta americana,75,Fort Clinch SP,US-FL,26 Nov 2015,L127287,S26006356,,1
1120,21301,species,Florida Scrub-Jay,Aphelocoma coerulescens,1,North Peninsula SP,US-FL,25 Nov 2015,L505472,S25991610,,1
1121,7333,species,Northern Gannet,Morus bassanus,2,North Peninsula SP,US-FL,25 Nov 2015,L505472,S25991610,,1
1122,5533,species,Gray-headed Swamphen,Porphyrio poliocephalus,5,Chapel Trail (Sheridan Street Mitigation Bank),US-FL,20 Nov 2015,L580881,S25922909,N,1
1123,575,species,Mottled Duck,Anas fulvigula,2,J. N. Ding Darling NWR (please consider using a more precise location),US-FL,18 Nov 2015,L127397,S25903730,,1
1124,6775,species,Sandwich Tern,Thalasseus sandvicensis,1,Fort De Soto Park,US-FL,16 Nov 2015,L127332,S25871710,,1
1125,34153,species,Pine Warbler,Setophaga pinus,1,Audubon Corkscrew Swamp Sanctuary,US-FL,15 Nov 2015,L127407,S25844050,,1
1126,21570,species,Fish Crow,Corvus ossifragus,1,Government Rd. (Broward Co.),US-FL,15 Nov 2015,L586629,S25839192,,1
1127,5799,species,American Oystercatcher,Haematopus palliatus,1,St. Marks NWR--Lighthouse Pool & Flats,US-FL,13 Nov 2015,L578621,S25816542,,1
1128,33858,species,Boat-tailed Grackle,Quiscalus major,6,St. Marks NWR--Headquarters Pond,US-FL,13 Nov 2015,L580975,S25814964,,1
1129,33315,species,Swamp Sparrow,Melospiza georgiana,1,St. Marks NWR--East River Pool,US-FL,13 Nov 2015,L3109497,S25816538,,1
1130,331,species,Cackling Goose,Branta hutchinsii,,Regina--Wascana Lake (between Broad St. & Albert St.),CA-SK,14 Oct 2015,L2239509,S25419816,,1
1131,6494,species,Franklin's Gull,Leucophaeus pipixcan,12,Buena Vista overlook,CA-SK,14 Oct 2015,L3193038,S25415591,,1
1132,384,species,Tundra Swan,Cygnus columbianus,4,Old Wives Lake Migratory Bird Sanctuary and IBA,CA-SK,13 Oct 2015,L717463,S25406399,,1
1133,1450,species,Gray Partridge,Perdix perdix,12,"51.4059x-106.8711 - Oct 10, 2015, 3:12 PM",CA-SK,10 Oct 2015,L3951100,S25370255,N,1
1134,21103,species,Northern Shrike,Lanius borealis,1,Range Road 3063,CA-SK,09 Oct 2015,L3948913,S25354757,,1
1135,5716,species,Whooping Crane,Grus americana,11,Meacham General Area,CA-SK,08 Oct 2015,L3947905,S25346894,,1
1136,666,species,Canvasback,Aythya valisineria,1,Blane Lakes,CA-SK,07 Oct 2015,L3946769,S25337627,,1
1137,21181,species,Canada Jay,Perisoreus canadensis,5,"CA-SK-Waskesiu Lake - 53.9083x-106.0602 - Oct 7, 2015, 7:30 PM",CA-SK,07 Oct 2015,L3946773,S25337651,,1
1138,6227,species,Pectoral Sandpiper,Calidris melanotos,3,Ottawa--Andrew Haydon Park,CA-ON,22 Sep 2015,L384642,S25216150,,1
1139,3243,species,Black-billed Cuckoo,Coccyzus erythropthalmus,1,Point Pelee NP--Tip,CA-ON,18 May 2015,L611224,S23509543,,1
1140,6232,species,Semipalmated Sandpiper,Calidris pusilla,,Mersea Rd 2 west bridge,CA-ON,17 May 2015,L3619669,S23499051,,1
1143,5780,species,American Avocet,Recurvirostra americana,1,Mersea Rd 2 west bridge,CA-ON,16 May 2015,L3619669,S23478734,,1
1144,3896,species,Chimney Swift,Chaetura pelagica,,Magee Marsh (Lucas Co.),US-OH,14 May 2015,L317582,S23442730,,1
1145,28324,species,Swainson's Thrush,Catharus ustulatus,1,Maumee Bay SP--Boardwalk,US-OH,13 May 2015,L339541,S23427346,,1
1146,28318,species,Gray-cheeked Thrush,Catharus minimus,1,Maumee Bay SP--Boardwalk,US-OH,13 May 2015,L339541,S23427346,,1
1147,6725,species,Black Tern,Chlidonias niger,1,Magee Marsh (Ottawa Co.),US-OH,13 May 2015,L275517,S23424405,,1
1148,6057,species,Short-billed Dowitcher,Limnodromus griseus,3,Magee Marsh (Ottawa Co.),US-OH,13 May 2015,L275517,S23424405,,1
1149,34138,species,Blackpoll Warbler,Setophaga striata,1,Metzger Marsh--Woodlot,US-OH,12 May 2015,L3594591,S23409948,,1
1150,24281,species,Cliff Swallow,Petrochelidon pyrrhonota,1,Metzger Marsh--Woodlot,US-OH,12 May 2015,L3594591,S23409948,,1
1151,3492,species,Common Nighthawk,Chordeiles minor,1,Magee Marsh (Ottawa Co.),US-OH,12 May 2015,L275517,S23408525,,1
1152,33963,species,Prothonotary Warbler,Protonotaria citrea,1,Magee Marsh (Lucas Co.),US-OH,12 May 2015,L317582,S23404804,,1
1153,8866,species,Eastern Screech-Owl,Megascops asio,1,Magee Marsh (Lucas Co.),US-OH,12 May 2015,L317582,S23404804,,1
1154,32595,species,Pine Siskin,Spinus pinus,1,Presque Isle SP (IBA),US-PA,11 May 2015,L129756,S23383095,,1
1155,29885,species,Bohemian Waxwing,Bombycilla garrulus,23,Ottawa--Rideau Forest,CA-ON,28 Mar 2015,L2381380,S22560414,,1
1156,22077,species,Mountain Chickadee,Poecile gambeli,1,Tranquille,CA-BC,19 Mar 2015,L344713,S22427405,,1
1157,2031,species,Eurasian Collared-Dove,Streptopelia decaocto,2,Tranquille,CA-BC,19 Mar 2015,L344713,S22427405,N,1
1158,21476,species,Black-billed Magpie,Pica hudsonia,4,Kamloops - T'kumlups marsh,CA-BC,18 Mar 2015,L294899,S22409437,,1
1159,21484,species,Clark's Nutcracker,Nucifraga columbiana,6,Sun Peaks Resort,CA-BC,16 Mar 2015,L2312627,S22388299,,1
1160,21514,species,Eurasian Jackdaw,Coloeus monedula,5,RNN du Plan de Tuéda (RNN100),FR-ARA,11 Feb 2015,L3155036,S21771440,,1
1161,31641,species,White-winged Snowfinch,Montifringilla nivalis,8,RNN de Tignes-Champagny (RNN2),FR-ARA,05 Feb 2015,L3250005,S21770433,,1
1162,21508,species,Yellow-billed Chough,Pyrrhocorax graculus,6,RNN de Tignes-Champagny (RNN2),FR-ARA,05 Feb 2015,L3250005,S21770433,,1
1163,7859,species,Bearded Vulture,Gypaetus barbatus,1,RNN de Tignes-Champagny (RNN2),FR-ARA,05 Feb 2015,L3250005,S21770433,,1
1164,35783,species,Buff-throated Saltator,Saltator maximus,1,Barbosa,CO-ANT,25 Dec 2014,L3241767,S21041635,,1
1165,35054,species,Plain-colored Tanager,Tangara inornata,1,Barbosa,CO-ANT,25 Dec 2014,L3241767,S21041635,,1
1166,35020,species,Scrub Tanager,Stilpnia vitriolina,2,Barbosa,CO-ANT,25 Dec 2014,L3241767,S21041635,,1
1167,34820,species,Crimson-backed Tanager,Ramphocelus dimidiatus,10,Barbosa,CO-ANT,25 Dec 2014,L3241767,S21041635,,1
1168,10818,species,Red-headed Barbet,Eubucco bourcierii,2,Barbosa,CO-ANT,25 Dec 2014,L3241767,S21041635,,1
1169,9863,species,Whooping Motmot,Momotus subrufescens,1,Barbosa,CO-ANT,25 Dec 2014,L3241767,S21041635,,1
1170,961,species,Colombian Chachalaca,Ortalis columbiana,3,Barbosa,CO-ANT,25 Dec 2014,L3241767,S21041635,,1
1171,35088,species,Bay-headed Tanager,Tangara gyrola,1,Reserva El Romeral,CO-ANT,23 Dec 2014,L2786192,S21004893,,1
1172,4914,species,Western Emerald,Chlorostilbon melanorhynchus,1,Recinto del Pensamiento,CO-CAL,20 Dec 2014,L3228404,S20966802,,1
1173,16896,species,Smoke-colored Pewee,Contopus fumigatus,1,Reserva Ecológica Río Blanco--Lodge,CO-CAL,20 Dec 2014,L1252500,S20960630,,1
1174,1966,species,Band-tailed Pigeon,Patagioenas fasciata,3,Reserva Ecológica Río Blanco--Lodge,CO-CAL,20 Dec 2014,L1252500,S20960630,,1
1175,34845,species,Blue-capped Tanager,Sporathraupis cyanocephala,1,Reserva Ecológica Río Blanco--Lodge,CO-CAL,19 Dec 2014,L1252500,S20957406,,1
1176,34839,species,Hooded Mountain Tanager,Buthraupis montana,1,Reserva Ecológica Río Blanco--Lodge,CO-CAL,19 Dec 2014,L1252500,S20957406,,1
1177,34672,species,Black-capped Hemispingus,Kleinothraupis atropileus,2,Reserva Ecológica Río Blanco--Lodge,CO-CAL,19 Dec 2014,L1252500,S20957406,,1
1178,34661,species,White-capped Tanager,Sericossypha albocristata,8,Reserva Ecológica Río Blanco--Lodge,CO-CAL,19 Dec 2014,L1252500,S20957406,,1
1179,34360,species,Slate-throated Redstart,Myioborus miniatus,2,Reserva Ecológica Río Blanco--Lodge,CO-CAL,19 Dec 2014,L1252500,S20957406,,1
1180,33654,species,Mountain Cacique,Cacicus chrysonotus,1,Reserva Ecológica Río Blanco--Lodge,CO-CAL,19 Dec 2014,L1252500,S20957406,,1
1181,33436,species,White-naped Brushfinch,Atlapetes albinucha,1,Reserva Ecológica Río Blanco--Lodge,CO-CAL,19 Dec 2014,L1252500,S20957406,,1
1182,33081,species,Chestnut-capped Brushfinch,Arremon brunneinucha,1,Reserva Ecológica Río Blanco--Lodge,CO-CAL,19 Dec 2014,L1252500,S20957406,,1
1184,16890,species,Olive-sided Flycatcher,Contopus cooperi,1,Reserva Ecológica Río Blanco--Lodge,CO-CAL,19 Dec 2014,L1252500,S20957406,,1
1185,16576,species,White-tailed Tyrannulet,Mecocerculus poecilocercus,1,Reserva Ecológica Río Blanco--Lodge,CO-CAL,19 Dec 2014,L1252500,S20957406,,1
1186,16384,species,Rufous-crowned Tody-Flycatcher,Poecilotriccus ruficeps,1,Reserva Ecológica Río Blanco--Lodge,CO-CAL,19 Dec 2014,L1252500,S20957406,,1
1187,14986,species,Streaked Xenops,Xenops rutilans,1,Reserva Ecológica Río Blanco--Lodge,CO-CAL,19 Dec 2014,L1252500,S20957406,,1
1188,11499,species,Yellow-vented Woodpecker,Veniliornis dignus,2,Reserva Ecológica Río Blanco--Lodge,CO-CAL,19 Dec 2014,L1252500,S20957406,,1
1189,10876,species,Black-billed Mountain-Toucan,Andigena nigrirostris,1,Reserva Ecológica Río Blanco--Lodge,CO-CAL,19 Dec 2014,L1252500,S20957406,,1
1190,7867,species,Hook-billed Kite,Chondrohierax uncinatus,2,Reserva Ecológica Río Blanco--Lodge,CO-CAL,19 Dec 2014,L1252500,S20957406,,1
1191,4516,species,Purple-backed Thornbill,Ramphomicron microrhynchum,1,Reserva Ecológica Río Blanco--Lodge,CO-CAL,19 Dec 2014,L1252500,S20957406,,1
1192,3843,species,White-collared Swift,Streptoprocne zonaris,10,Reserva Ecológica Río Blanco--Lodge,CO-CAL,19 Dec 2014,L1252500,S20957406,,1
1193,855,species,Sickle-winged Guan,Chamaepetes goudotii,1,Reserva Ecológica Río Blanco--Lodge,CO-CAL,19 Dec 2014,L1252500,S20957406,,1
1194,35432,species,Pink-billed Cnemoscopus,Cnemoscopus rubrirostris,1,Reserva Ecológica Río Blanco--Lodge,CO-CAL,18 Dec 2014,L1252500,S20954319,,1
1195,35330,species,Masked Flowerpiercer,Diglossa cyanea,1,Reserva Ecológica Río Blanco--Lodge,CO-CAL,18 Dec 2014,L1252500,S20954319,,1
1196,35291,species,White-sided Flowerpiercer,Diglossa albilatera,2,Reserva Ecológica Río Blanco--Lodge,CO-CAL,18 Dec 2014,L1252500,S20954319,,1
1197,35254,species,Capped Conebill,Conirostrum albifrons,1,Reserva Ecológica Río Blanco--Lodge,CO-CAL,18 Dec 2014,L1252500,S20954319,,1
1198,35041,species,Beryl-spangled Tanager,Tangara nigroviridis,2,Reserva Ecológica Río Blanco--Lodge,CO-CAL,18 Dec 2014,L1252500,S20954319,,1
1199,35036,species,Blue-and-black Tanager,Tangara vassorii,6,Reserva Ecológica Río Blanco--Lodge,CO-CAL,18 Dec 2014,L1252500,S20954319,,1
1200,34902,species,Buff-banded Mountain Tanager,Dubusia taeniata,1,Reserva Ecológica Río Blanco--Lodge,CO-CAL,18 Dec 2014,L1252500,S20954319,,1
1201,34889,species,Blue-winged Mountain Tanager,Anisognathus somptuosus,2,Reserva Ecológica Río Blanco--Lodge,CO-CAL,18 Dec 2014,L1252500,S20954319,,1
1202,34872,species,Lacrimose Mountain Tanager,Anisognathus lacrymosus,2,Reserva Ecológica Río Blanco--Lodge,CO-CAL,18 Dec 2014,L1252500,S20954319,,1
1203,34857,species,Grass-green Tanager,Chlorornis riefferii,1,Reserva Ecológica Río Blanco--Lodge,CO-CAL,18 Dec 2014,L1252500,S20954319,,1
1204,34708,species,Superciliaried Hemispingus,Thlypopsis superciliaris,1,Reserva Ecológica Río Blanco--Lodge,CO-CAL,18 Dec 2014,L1252500,S20954319,,1
1205,34686,species,Black-eared Hemispingus,Sphenopsis melanotis,1,Reserva Ecológica Río Blanco--Lodge,CO-CAL,18 Dec 2014,L1252500,S20954319,,1
1206,34384,species,Golden-fronted Redstart,Myioborus ornatus,4,Reserva Ecológica Río Blanco--Lodge,CO-CAL,18 Dec 2014,L1252500,S20954319,,1
1207,34334,species,Russet-crowned Warbler,Myiothlypis coronata,1,Reserva Ecológica Río Blanco--Lodge,CO-CAL,18 Dec 2014,L1252500,S20954319,,1
1208,33474,species,Northern Slaty Brushfinch,Atlapetes schistaceus,2,Reserva Ecológica Río Blanco--Lodge,CO-CAL,18 Dec 2014,L1252500,S20954319,,1
1209,33041,species,Gray-browed Brushfinch,Arremon assimilis,1,Reserva Ecológica Río Blanco--Lodge,CO-CAL,18 Dec 2014,L1252500,S20954319,,1
1210,27674,species,White-capped Dipper,Cinclus leucocephalus,2,Reserva Ecológica Río Blanco--Lodge,CO-CAL,18 Dec 2014,L1252500,S20954319,,1
1211,27612,species,Gray-breasted Wood-Wren,Henicorhina leucophrys,1,Reserva Ecológica Río Blanco--Lodge,CO-CAL,18 Dec 2014,L1252500,S20954319,,1
1212,27576,species,Sharpe's Wren,Cinnycerthia olivascens,1,Reserva Ecológica Río Blanco--Lodge,CO-CAL,18 Dec 2014,L1252500,S20954319,,1
1213,27245,species,Mountain Wren,Troglodytes solstitialis,2,Reserva Ecológica Río Blanco--Lodge,CO-CAL,18 Dec 2014,L1252500,S20954319,,1
1214,19253,species,Brown-capped Vireo,Vireo leucophrys,1,Reserva Ecológica Río Blanco--Lodge,CO-CAL,18 Dec 2014,L1252500,S20954319,,1
1215,17320,species,Pale-edged Flycatcher,Myiarchus cephalotes,1,Reserva Ecológica Río Blanco--Lodge,CO-CAL,18 Dec 2014,L1252500,S20954319,,1
1216,16789,species,Black-capped Tyrannulet,Tyranniscus nigrocapillus,2,Reserva Ecológica Río Blanco--Lodge,CO-CAL,18 Dec 2014,L1252500,S20954319,,1
1217,16725,species,Mountain Elaenia,Elaenia frantzii,1,Reserva Ecológica Río Blanco--Lodge,CO-CAL,18 Dec 2014,L1252500,S20954319,,1
1218,16519,species,Cinnamon Flycatcher,Pyrrhomyias cinnamomeus,2,Reserva Ecológica Río Blanco--Lodge,CO-CAL,18 Dec 2014,L1252500,S20954319,,1
1219,16244,species,Rufous-breasted Flycatcher,Leptopogon rufipectus,1,Reserva Ecológica Río Blanco--Lodge,CO-CAL,18 Dec 2014,L1252500,S20954319,,1
1220,16201,species,Streak-necked Flycatcher,Mionectes striaticollis,1,Reserva Ecológica Río Blanco--Lodge,CO-CAL,18 Dec 2014,L1252500,S20954319,,1
1221,16029,species,Barred Becard,Pachyramphus versicolor,1,Reserva Ecológica Río Blanco--Lodge,CO-CAL,18 Dec 2014,L1252500,S20954319,,1
1222,15938,species,Dusky Piha,Lipaugus fuscocinereus,1,Reserva Ecológica Río Blanco--Lodge,CO-CAL,18 Dec 2014,L1252500,S20954319,,1
1223,15849,species,Green-and-black Fruiteater,Pipreola riefferii,2,Reserva Ecológica Río Blanco--Lodge,CO-CAL,18 Dec 2014,L1252500,S20954319,,1
1224,15635,species,Azara's Spinetail,Synallaxis azarae,2,Reserva Ecológica Río Blanco--Lodge,CO-CAL,18 Dec 2014,L1252500,S20954319,,1
1225,15304,species,Pearled Treerunner,Margarornis squamiger,4,Reserva Ecológica Río Blanco--Lodge,CO-CAL,18 Dec 2014,L1252500,S20954319,,1
1226,14946,species,Montane Woodcreeper,Lepidocolaptes lacrymiger,2,Reserva Ecológica Río Blanco--Lodge,CO-CAL,18 Dec 2014,L1252500,S20954319,,1
1227,14749,species,Strong-billed Woodcreeper,Xiphocolaptes promeropirhynchus,1,Reserva Ecológica Río Blanco--Lodge,CO-CAL,18 Dec 2014,L1252500,S20954319,,1
1228,14642,species,Tyrannine Woodcreeper,Dendrocincla tyrannina,1,Reserva Ecológica Río Blanco--Lodge,CO-CAL,18 Dec 2014,L1252500,S20954319,,1
1229,14352,species,Slate-crowned Antpitta,Grallaricula nana,2,Reserva Ecológica Río Blanco--Lodge,CO-CAL,18 Dec 2014,L1252500,S20954319,,1
1230,14290,species,Brown-banded Antpitta,Grallaria milleri,2,Reserva Ecológica Río Blanco--Lodge,CO-CAL,18 Dec 2014,L1252500,S20954319,,1
1231,14267,species,Bicolored Antpitta,Grallaria rufocinerea,1,Reserva Ecológica Río Blanco--Lodge,CO-CAL,18 Dec 2014,L1252500,S20954319,,1
1232,14252,species,Chestnut-naped Antpitta,Grallaria nuchalis,1,Reserva Ecológica Río Blanco--Lodge,CO-CAL,18 Dec 2014,L1252500,S20954319,,1
1233,14234,species,Chestnut-crowned Antpitta,Grallaria ruficapilla,2,Reserva Ecológica Río Blanco--Lodge,CO-CAL,18 Dec 2014,L1252500,S20954319,,1
1234,13874,species,Streak-headed Antbird,Drymophila striaticeps,1,Reserva Ecológica Río Blanco--Lodge,CO-CAL,18 Dec 2014,L1252500,S20954319,,1
1235,13161,species,Golden-plumed Parakeet,Leptosittaca branickii,24,Reserva Ecológica Río Blanco--Lodge,CO-CAL,18 Dec 2014,L1252500,S20954319,,1
1236,11874,species,Crimson-mantled Woodpecker,Colaptes rivolii,3,Reserva Ecológica Río Blanco--Lodge,CO-CAL,18 Dec 2014,L1252500,S20954319,,1
1237,11852,species,Golden-olive Woodpecker,Colaptes rubiginosus,1,Reserva Ecológica Río Blanco--Lodge,CO-CAL,18 Dec 2014,L1252500,S20954319,,1
1238,11547,species,Powerful Woodpecker,Campephilus pollens,1,Reserva Ecológica Río Blanco--Lodge,CO-CAL,18 Dec 2014,L1252500,S20954319,,1
1239,9880,species,Andean Motmot,Momotus aequatorialis,3,Reserva Ecológica Río Blanco--Lodge,CO-CAL,18 Dec 2014,L1252500,S20954319,,1
1240,8804,species,White-throated Screech-Owl,Megascops albogularis,1,Reserva Ecológica Río Blanco--Lodge,CO-CAL,18 Dec 2014,L1252500,S20954319,,1
1241,5130,species,Andean Emerald,Uranomitra franciae,1,Reserva Ecológica Río Blanco--Lodge,CO-CAL,18 Dec 2014,L1252500,S20954319,,1
1242,4782,species,White-bellied Woodstar,Chaetocercus mulsant,4,Reserva Ecológica Río Blanco--Lodge,CO-CAL,18 Dec 2014,L1252500,S20954319,,1
1243,4702,species,Fawn-breasted Brilliant,Heliodoxa rubinoides,1,Reserva Ecológica Río Blanco--Lodge,CO-CAL,18 Dec 2014,L1252500,S20954319,,1
1244,4614,species,Bronzy Inca,Coeligena coeligena,1,Reserva Ecológica Río Blanco--Lodge,CO-CAL,18 Dec 2014,L1252500,S20954319,,1
1245,4471,species,Long-tailed Sylph,Aglaiocercus kingii,6,Reserva Ecológica Río Blanco--Lodge,CO-CAL,18 Dec 2014,L1252500,S20954319,,1
1246,4359,species,Lesser Violetear,Colibri cyanotus,2,Reserva Ecológica Río Blanco--Lodge,CO-CAL,18 Dec 2014,L1252500,S20954319,,1
1247,4343,species,White-throated Daggerbill,Schistes albogularis,1,Reserva Ecológica Río Blanco--Lodge,CO-CAL,18 Dec 2014,L1252500,S20954319,,1
1248,4337,species,Green-fronted Lancebill,Doryfera ludovicae,2,Reserva Ecológica Río Blanco--Lodge,CO-CAL,18 Dec 2014,L1252500,S20954319,,1
1249,3549,species,Band-winged Nightjar,Systellura longirostris,1,Reserva Ecológica Río Blanco--Lodge,CO-CAL,18 Dec 2014,L1252500,S20954319,,1
1250,35624,species,Paramo Seedeater,Catamenia homochroa,3,PNN Los Nevados--Centro de Visitantes La Cueva,CO-CAL,17 Dec 2014,L7895434,S20941471,,1
1251,35620,species,Plain-colored Seedeater,Catamenia inornata,20,PNN Los Nevados--Centro de Visitantes La Cueva,CO-CAL,17 Dec 2014,L7895434,S20941471,,1
1252,35376,species,Plumbeous Sierra Finch,Geospizopsis unicolor,1,PNN Los Nevados--Centro de Visitantes La Cueva,CO-CAL,17 Dec 2014,L7895434,S20941471,,1
1253,35281,species,Black Flowerpiercer,Diglossa humeralis,1,PNN Los Nevados--Centro de Visitantes La Cueva,CO-CAL,17 Dec 2014,L7895434,S20941471,,1
1254,34307,species,Black-crested Warbler,Myiothlypis nigrocristata,1,PNN Los Nevados--Centro de Visitantes La Cueva,CO-CAL,17 Dec 2014,L7895434,S20941471,,1
1255,33158,species,Rufous-collared Sparrow,Zonotrichia capensis,,PNN Los Nevados--Centro de Visitantes La Cueva,CO-CAL,17 Dec 2014,L7895434,S20941471,,1
1256,28677,species,Great Thrush,Turdus fuscater,20,PNN Los Nevados--Centro de Visitantes La Cueva,CO-CAL,17 Dec 2014,L7895434,S20941471,,1
1257,27304,species,Grass Wren,Cistothorus platensis,6,PNN Los Nevados--Centro de Visitantes La Cueva,CO-CAL,17 Dec 2014,L7895434,S20941471,,1
1258,24128,species,Blue-and-white Swallow,Pygochelidon cyanoleuca,2,PNN Los Nevados--Centro de Visitantes La Cueva,CO-CAL,17 Dec 2014,L7895434,S20941471,,1
1259,17202,species,Brown-backed Chat-Tyrant,Ochthoeca fumicolor,6,PNN Los Nevados--Centro de Visitantes La Cueva,CO-CAL,17 Dec 2014,L7895434,S20941471,,1
1260,16582,species,White-throated Tyrannulet,Mecocerculus leucophrys,1,PNN Los Nevados--Centro de Visitantes La Cueva,CO-CAL,17 Dec 2014,L7895434,S20941471,,1
1261,15893,species,Red-crested Cotinga,Ampelion rubrocristatus,1,PNN Los Nevados--Centro de Visitantes La Cueva,CO-CAL,17 Dec 2014,L7895434,S20941471,,1
1262,15451,species,White-chinned Thistletail,Asthenes fuliginosa,1,PNN Los Nevados--Centro de Visitantes La Cueva,CO-CAL,17 Dec 2014,L7895434,S20941471,,1
1263,15336,species,Andean Tit-Spinetail,Leptasthenura andicola,1,PNN Los Nevados--Centro de Visitantes La Cueva,CO-CAL,17 Dec 2014,L7895434,S20941471,,1
1264,15108,species,Stout-billed Cinclodes,Cinclodes excelsior,4,PNN Los Nevados--Centro de Visitantes La Cueva,CO-CAL,17 Dec 2014,L7895434,S20941471,,1
1265,14406,species,Paramo Tapaculo,Scytalopus opacus,1,PNN Los Nevados--Centro de Visitantes La Cueva,CO-CAL,17 Dec 2014,L7895434,S20941471,,1
1266,4668,species,Great Sapphirewing,Pterophanes cyanopterus,6,PNN Los Nevados--Centro de Visitantes La Cueva,CO-CAL,17 Dec 2014,L7895434,S20941471,,1
1267,4659,species,Mountain Velvetbreast,Lafresnaya lafresnayi,1,PNN Los Nevados--Centro de Visitantes La Cueva,CO-CAL,17 Dec 2014,L7895434,S20941471,,1
1268,4648,species,Buff-winged Starfrontlet,Coeligena lutetiae,3,PNN Los Nevados--Centro de Visitantes La Cueva,CO-CAL,17 Dec 2014,L7895434,S20941471,,1
1269,4604,species,Shining Sunbeam,Aglaeactis cupripennis,2,PNN Los Nevados--Centro de Visitantes La Cueva,CO-CAL,17 Dec 2014,L7895434,S20941471,,1
1270,4597,species,Golden-breasted Puffleg,Eriocnemis mosquera,4,PNN Los Nevados--Centro de Visitantes La Cueva,CO-CAL,17 Dec 2014,L7895434,S20941471,,1
1271,4586,species,Black-thighed Puffleg,Eriocnemis derbyi,3,PNN Los Nevados--Centro de Visitantes La Cueva,CO-CAL,17 Dec 2014,L7895434,S20941471,,1
1272,4552,species,Viridian Metaltail,Metallura williami,4,PNN Los Nevados--Centro de Visitantes La Cueva,CO-CAL,17 Dec 2014,L7895434,S20941471,,1
1273,4533,species,Buffy Helmetcrest,Oxypogon stuebelii,1,PNN Los Nevados--Centro de Visitantes La Cueva,CO-CAL,17 Dec 2014,L7895434,S20941471,,1
1274,4414,species,Tourmaline Sunangel,Heliangelus exortis,2,PNN Los Nevados--Centro de Visitantes La Cueva,CO-CAL,17 Dec 2014,L7895434,S20941471,,1
1275,626,species,Andean Teal,Anas andium,4,PNN Los Nevados--Centro de Visitantes La Cueva,CO-CAL,17 Dec 2014,L7895434,S20941471,,1
1276,35644,species,Bananaquit,Coereba flaveola,3,Represa Cameguadua,CO-CAL,16 Dec 2014,L3786045,S20932040,,1
1277,35593,species,Slate-colored Seedeater,Sporophila schistacea,1,Represa Cameguadua,CO-CAL,16 Dec 2014,L3786045,S20932040,,1
1278,35583,species,Yellow-bellied Seedeater,Sporophila nigricollis,2,Represa Cameguadua,CO-CAL,16 Dec 2014,L3786045,S20932040,,1
1279,35531,species,Ruddy-breasted Seedeater,Sporophila minuta,1,Represa Cameguadua,CO-CAL,16 Dec 2014,L3786045,S20932040,,1
1280,34957,species,Palm Tanager,Thraupis palmarum,2,Represa Cameguadua,CO-CAL,16 Dec 2014,L3786045,S20932040,,1
1281,34796,species,Flame-rumped Tanager,Ramphocelus flammigerus,1,Represa Cameguadua,CO-CAL,16 Dec 2014,L3786045,S20932040,,1
1282,32631,species,Yellow-bellied Siskin,Spinus xanthogastrus,2,Represa Cameguadua,CO-CAL,16 Dec 2014,L3786045,S20932040,,1
1283,32033,species,Thick-billed Euphonia,Euphonia laniirostris,2,Represa Cameguadua,CO-CAL,16 Dec 2014,L3786045,S20932040,,1
1284,27209,species,Southern House Wren,Troglodytes musculus,1,Represa Cameguadua,CO-CAL,16 Dec 2014,L3786045,S20932040,,1
1285,17387,species,Rusty-margined Flycatcher,Myiozetetes cayanensis,20,Represa Cameguadua,CO-CAL,16 Dec 2014,L3786045,S20932040,,1
1286,17160,species,Pied Water-Tyrant,Fluvicola pica,1,Represa Cameguadua,CO-CAL,16 Dec 2014,L3786045,S20932040,,1
1287,16806,species,Golden-faced Tyrannulet,Zimmerius chrysops,1,Represa Cameguadua,CO-CAL,16 Dec 2014,L3786045,S20932040,,1
1288,16746,species,Torrent Tyrannulet,Serpophaga cinerea,2,Represa Cameguadua,CO-CAL,16 Dec 2014,L3786045,S20932040,,1
1289,16626,species,Mouse-colored Tyrannulet,Nesotriccus murinus,1,Represa Cameguadua,CO-CAL,16 Dec 2014,L3786045,S20932040,,1
1290,15617,species,Pale-breasted Spinetail,Synallaxis albescens,2,Represa Cameguadua,CO-CAL,16 Dec 2014,L3786045,S20932040,,1
1291,15592,species,Slaty Spinetail,Synallaxis brachyura,4,Represa Cameguadua,CO-CAL,16 Dec 2014,L3786045,S20932040,,1
1292,13518,species,Bar-crested Antshrike,Thamnophilus multistriatus,2,Represa Cameguadua,CO-CAL,16 Dec 2014,L3786045,S20932040,,1
1293,12889,species,Blue-headed Parrot,Pionus menstruus,10,Represa Cameguadua,CO-CAL,16 Dec 2014,L3786045,S20932040,,1
1294,11962,species,Crested Caracara,Caracara plancus,1,Represa Cameguadua,CO-CAL,16 Dec 2014,L3786045,S20932040,,1
1295,11171,species,Red-crowned Woodpecker,Melanerpes rubricapillus,2,Represa Cameguadua,CO-CAL,16 Dec 2014,L3786045,S20932040,,1
1296,11097,species,Grayish Piculet,Picumnus granadensis,1,Represa Cameguadua,CO-CAL,16 Dec 2014,L3786045,S20932040,,1
1297,7484,species,Buff-necked Ibis,Theristicus caudatus,2,Represa Cameguadua,CO-CAL,16 Dec 2014,L3786045,S20932040,,1
1298,7478,species,Bare-faced Ibis,Phimosus infuscatus,25,Represa Cameguadua,CO-CAL,16 Dec 2014,L3786045,S20932040,,1
1299,6849,species,Least Grebe,Tachybaptus dominicus,2,Represa Cameguadua,CO-CAL,16 Dec 2014,L3786045,S20932040,,1
1300,5989,species,Wattled Jacana,Jacana jacana,1,Represa Cameguadua,CO-CAL,16 Dec 2014,L3786045,S20932040,,1
1301,5896,species,Southern Lapwing,Vanellus chilensis,10,Represa Cameguadua,CO-CAL,16 Dec 2014,L3786045,S20932040,,1
1302,5412,species,Blackish Rail,Pardirallus nigricans,3,Represa Cameguadua,CO-CAL,16 Dec 2014,L3786045,S20932040,,1
1303,5076,species,Steely-vented Hummingbird,Saucerottia saucerottei,1,Represa Cameguadua,CO-CAL,16 Dec 2014,L3786045,S20932040,,1
1304,3026,species,Smooth-billed Ani,Crotophaga ani,1,Represa Cameguadua,CO-CAL,16 Dec 2014,L3786045,S20932040,,1
1305,2400,species,Eared Dove,Zenaida auriculata,30,Represa Cameguadua,CO-CAL,16 Dec 2014,L3786045,S20932040,,1
1306,780,species,Andean Duck,Oxyura ferruginea,1,Represa Cameguadua,CO-CAL,16 Dec 2014,L3786045,S20932040,,1
1307,35477,species,Saffron Finch,Sicalis flaveola,2,Medellin--El Poblado (comuna),CO-ANT,15 Dec 2014,L807023,S20913061,,1
1308,28702,species,Black-billed Thrush,Turdus ignobilis,1,Medellin--El Poblado (comuna),CO-ANT,15 Dec 2014,L807023,S20913061,,1
1309,9007,species,Pearl-spotted Owlet,Glaucidium perlatum,,Okavango Delta--Moremi GR (Please use more specific locations),BW-NW,16 Oct 2014,L1084531,S20697126,,1
1310,20117,species,Gabon Boubou,Laniarius bicolor,,Okavango Delta--Moremi GR (Please use more specific locations),BW-NW,15 Oct 2014,L1084531,S20880227,,1
1311,30801,species,Holub's Golden-Weaver,Ploceus xanthops,,Okavango Delta--Moremi GR (Please use more specific locations),BW-NW,14 Oct 2014,L1084531,S20697106,,1
1312,26696,species,Hartlaub's Babbler,Turdoides hartlaubii,,Okavango Delta--Moremi GR (Please use more specific locations),BW-NW,14 Oct 2014,L1084531,S20697106,,1
1313,12773,species,Meyer's Parrot,Poicephalus meyeri,,Okavango Delta--Moremi GR (Please use more specific locations),BW-NW,14 Oct 2014,L1084531,S20697106,,1
1314,11275,species,Bearded Woodpecker,Chloropicus namaquus,,Okavango Delta--Moremi GR (Please use more specific locations),BW-NW,14 Oct 2014,L1084531,S20697106,,1
1315,10108,species,Striped Kingfisher,Halcyon chelicuti,,Okavango Delta--Moremi GR (Please use more specific locations),BW-NW,14 Oct 2014,L1084531,S20697106,,1
1317,26680,species,Arrow-marked Babbler,Turdoides jardineii,,Moremi--Khwai River (north side),BW-NW,13 Oct 2014,L1220375,S20696955,,1
1318,8118,species,African Goshawk,Aerospiza tachiro,,Moremi--Khwai River (north side),BW-NW,13 Oct 2014,L1220375,S20696955,,1
1319,5712,species,Wattled Crane,Grus carunculatus,,Moremi--Khwai River (north side),BW-NW,13 Oct 2014,L1220375,S20696955,,1
1320,20034,species,Brubru,Nilaus afer,,Moremi--Khwai River (north side),BW-NW,12 Oct 2014,L1220375,S20696861,,1
1321,10349,species,Broad-billed Roller,Eurystomus glaucurus,,Moremi--Khwai River (north side),BW-NW,12 Oct 2014,L1220375,S20696861,,1
1322,8034,species,Long-crested Eagle,Lophaetus occipitalis,,Moremi--Khwai River (north side),BW-NW,12 Oct 2014,L1220375,S20696861,,1
1323,7638,species,Slaty Egret,Egretta vinaceigula,,Moremi--Khwai River (north side),BW-NW,12 Oct 2014,L1220375,S20696861,,1
1324,6325,species,Temminck's Courser,Cursorius temminckii,,Moremi--Khwai River (north side),BW-NW,12 Oct 2014,L1220375,S20696861,,1
1325,5999,species,Lesser Jacana,Microparra capensis,,Moremi--Khwai River (north side),BW-NW,12 Oct 2014,L1220375,S20696861,,1
1326,5983,species,Greater Painted-Snipe,Rostratula benghalensis,,Moremi--Khwai River (north side),BW-NW,12 Oct 2014,L1220375,S20696861,,1
1327,2901,species,Double-banded Sandgrouse,Pterocles bicinctus,,Moremi--Khwai River (north side),BW-NW,12 Oct 2014,L1220375,S20696861,,1
1328,9659,species,Bradfield's Hornbill,Lophoceros bradfieldi,,Chobe NP--Savuti Camp,BW-NW,11 Oct 2014,L1026975,S20736714,,1
1329,9836,species,Southern Carmine Bee-eater,Merops nubicoides,,Chobe River--west of Kasane,BW-NW,09 Oct 2014,L2538778,S20699076,,1
1330,8054,species,Tawny Eagle,Aquila rapax,,Chobe River--west of Kasane,BW-NW,09 Oct 2014,L2538778,S20699076,,1
1331,6620,species,African Skimmer,Rynchops flavirostris,,Chobe River--west of Kasane,BW-NW,09 Oct 2014,L2538778,S20699076,,1
1332,1822,species,Red-billed Spurfowl,Pternistis adspersus,,Chobe River--west of Kasane,BW-NW,09 Oct 2014,L2538778,S20699076,,1
1333,396,species,Knob-billed Duck,Sarkidiornis melanotos,,Chobe River--west of Kasane,BW-NW,09 Oct 2014,L2538778,S20699076,,1
1334,23458,species,Luapula Cisticola,Cisticola luapula,,Kasane--town,BW-NW,08 Oct 2014,L1070000,S20614376,,1
1335,9997,species,Malachite Kingfisher,Corythornis cristatus,,Kasane--town,BW-NW,08 Oct 2014,L1070000,S20614376,,1
1336,9922,species,Half-collared Kingfisher,Alcedo semitorquata,,Kasane--town,BW-NW,08 Oct 2014,L1070000,S20614376,,1
1337,7673,species,Little Heron,Butorides atricapilla,,Kasane--town,BW-NW,08 Oct 2014,L1070000,S20614376,,1
1338,7397,species,Great Cormorant,Phalacrocorax carbo,,Kasane--town,BW-NW,08 Oct 2014,L1070000,S20614376,,1
1339,6340,species,Rock Pratincole,Glareola nuchalis,,Kasane--town,BW-NW,08 Oct 2014,L1070000,S20614376,,1
1340,6125,species,Common Sandpiper,Actitis hypoleucos,,Kasane--town,BW-NW,08 Oct 2014,L1070000,S20614376,,1
1341,5857,species,Long-toed Lapwing,Vanellus crassirostris,,Kasane--town,BW-NW,08 Oct 2014,L1070000,S20614376,,1
1342,3108,species,Coppery-tailed Coucal,Centropus cupreicaudus,,Kasane--town,BW-NW,08 Oct 2014,L1070000,S20614376,,1
1343,2050,species,Red-eyed Dove,Streptopelia semitorquata,1,Zambezi River near Victoria Falls (Zimbabwe side),ZW-MN,07 Oct 2014,L1038161,S127226107,,1
1344,30944,species,Southern Red Bishop,Euplectes orix,,Korsman Bird Sanctuary,ZA-GT,06 Oct 2014,L1912725,S20305927,,1
1345,6827,species,Little Grebe,Tachybaptus ruficollis,2,Korsman Bird Sanctuary,ZA-GT,06 Oct 2014,L1912725,S20305927,,1
1346,5522,species,African Swamphen,Porphyrio madagascariensis,,Korsman Bird Sanctuary,ZA-GT,06 Oct 2014,L1912725,S20305927,,1
1347,5494,species,Red-knobbed Coot,Fulica cristata,,Korsman Bird Sanctuary,ZA-GT,06 Oct 2014,L1912725,S20305927,,1
1348,5462,species,Eurasian Moorhen,Gallinula chloropus,,Korsman Bird Sanctuary,ZA-GT,06 Oct 2014,L1912725,S20305927,,1
1349,662,species,Southern Pochard,Netta erythrophthalma,,Korsman Bird Sanctuary,ZA-GT,06 Oct 2014,L1912725,S20305927,,1
1350,530,species,Yellow-billed Duck,Anas undulata,,Korsman Bird Sanctuary,ZA-GT,06 Oct 2014,L1912725,S20305927,,1
1351,30405,species,Purple-banded Sunbird,Cinnyris bifasciatus,,St Lucia--iMfolozi River mouth,ZA-NL,04 Oct 2014,L4209873,S20614058,,1
1352,24339,species,Yellow-bellied Greenbul,Chlorocichla flaviventris,,St Lucia--iMfolozi River mouth,ZA-NL,04 Oct 2014,L4209873,S20614058,,1
1353,23405,species,Rattling Cisticola,Cisticola chiniana,,St Lucia--iMfolozi River mouth,ZA-NL,04 Oct 2014,L4209873,S20614058,,1
1354,11733,species,Golden-tailed Woodpecker,Campethera abingoni,,St Lucia--iMfolozi River mouth,ZA-NL,04 Oct 2014,L4209873,S20614058,,1
1355,7875,species,African Cuckoo-Hawk,Aviceda cuculoides,,St Lucia--iMfolozi River mouth,ZA-NL,04 Oct 2014,L4209873,S20614058,,1
1356,6177,species,Ruff,Calidris pugnax,,St Lucia--iMfolozi River mouth,ZA-NL,04 Oct 2014,L4209873,S20614058,,1
1357,31931,species,Orange-throated Longclaw,Macronyx capensis,,St Lucia--iMfolozi River mouth,ZA-NL,03 Oct 2014,L4209873,S20579355,,1
1358,30997,species,Grosbeak Weaver,Amblyospiza albifrons,,St Lucia--iMfolozi River mouth,ZA-NL,03 Oct 2014,L4209873,S20579355,,1
1359,30808,species,Southern Brown-throated Weaver,Ploceus xanthopterus,,St Lucia--iMfolozi River mouth,ZA-NL,03 Oct 2014,L4209873,S20579355,,1
1360,30267,species,Scarlet-chested Sunbird,Chalcomitra senegalensis,,St Lucia--iMfolozi River mouth,ZA-NL,03 Oct 2014,L4209873,S20579355,,1
1361,24307,species,Sombre Greenbul,Andropadus importunus,,St Lucia--iMfolozi River mouth,ZA-NL,03 Oct 2014,L4209873,S20579355,,1
1362,24262,species,Rufous-chested Swallow,Cecropis semirufa,,St Lucia--iMfolozi River mouth,ZA-NL,03 Oct 2014,L4209873,S20579355,,1
1363,23086,species,Yellow-breasted Apalis,Apalis flavida,,St Lucia--iMfolozi River mouth,ZA-NL,03 Oct 2014,L4209873,S20579355,,1
1364,10600,species,Yellow-rumped Tinkerbird,Pogoniulus bilineatus,,St Lucia--iMfolozi River mouth,ZA-NL,03 Oct 2014,L4209873,S20579355,,1
1365,10567,species,White-eared Barbet,Stactolaema leucotis,,St Lucia--iMfolozi River mouth,ZA-NL,03 Oct 2014,L4209873,S20579355,,1
1366,7992,species,Black-chested Snake-Eagle,Circaetus pectoralis,,St Lucia--iMfolozi River mouth,ZA-NL,03 Oct 2014,L4209873,S20579355,,1
1367,6480,species,Gray-hooded Gull,Chroicocephalus cirrocephalus,,St Lucia--iMfolozi River mouth,ZA-NL,03 Oct 2014,L4209873,S20579355,,1
1368,6347,species,Collared Pratincole,Glareola pratincola,,St Lucia--iMfolozi River mouth,ZA-NL,03 Oct 2014,L4209873,S20579355,,1
1369,6182,species,Curlew Sandpiper,Calidris ferruginea,,St Lucia--iMfolozi River mouth,ZA-NL,03 Oct 2014,L4209873,S20579355,,1
1370,5948,species,White-fronted Plover,Anarhynchus marginatus,,St Lucia--iMfolozi River mouth,ZA-NL,03 Oct 2014,L4209873,S20579355,,1
1371,1000,species,Southern Crested Guineafowl,Guttera edouardi,,St Lucia--iMfolozi River mouth,ZA-NL,03 Oct 2014,L4209873,S20579355,,1
1372,429,species,Spur-winged Goose,Plectropterus gambensis,,St Lucia--iMfolozi River mouth,ZA-NL,03 Oct 2014,L4209873,S20579355,,1
1373,31454,species,Village Indigobird,Vidua chalybeata,,St Lucia--iMfolozi River mouth,ZA-NL,02 Oct 2014,L4209873,S20565478,,1
1374,31275,species,Black-tailed Waxbill,Glaucestrilda perreini,,St Lucia--iMfolozi River mouth,ZA-NL,02 Oct 2014,L4209873,S20565478,,1
1375,30877,species,Dark-backed Weaver,Ploceus bicolor,,St Lucia--iMfolozi River mouth,ZA-NL,02 Oct 2014,L4209873,S20565478,,1
1376,30798,species,African Golden-Weaver,Ploceus subaureus,,St Lucia--iMfolozi River mouth,ZA-NL,02 Oct 2014,L4209873,S20565478,,1
1377,30197,species,Collared Sunbird,Hedydipna collaris,,St Lucia--iMfolozi River mouth,ZA-NL,02 Oct 2014,L4209873,S20565478,,1
1378,27859,species,Common Myna,Acridotheres tristis,,St Lucia--iMfolozi River mouth,ZA-NL,02 Oct 2014,L4209873,S20565478,N,1
1379,20408,species,Square-tailed Drongo,Dicrurus ludwigii,,St Lucia--iMfolozi River mouth,ZA-NL,02 Oct 2014,L4209873,S20565478,,1
1380,7766,species,Purple Heron,Ardea purpurea,,St Lucia--iMfolozi River mouth,ZA-NL,02 Oct 2014,L4209873,S20565478,,1
1381,20781,species,African Paradise-Flycatcher,Terpsiphone viridis,,R69,ZA-NL,02 Oct 2014,L3164567,S20565272,,1
1382,9658,species,Crowned Hornbill,Lophoceros alboterminatus,,R69,ZA-NL,02 Oct 2014,L3164567,S20565272,,1
1383,29229,species,Red-capped Robin-Chat,Cossypha natalensis,,Ithala GR,ZA-NL,02 Oct 2014,L3161131,S20565154,,1
1384,11010,species,Red-throated Wryneck,Jynx ruficollis,,Ithala GR,ZA-NL,02 Oct 2014,L3161131,S20565154,,1
1385,32449,species,Streaky-headed Seedeater,Crithagra gularis,1,Ithala GR,ZA-NL,01 Oct 2014,L3161131,S20535371,,1
1386,31766,species,African Pipit,Anthus cinnamomeus,1,Ithala GR,ZA-NL,01 Oct 2014,L3161131,S20535371,,1
1387,31668,species,Cape Wagtail,Motacilla capensis,,Ithala GR,ZA-NL,01 Oct 2014,L3161131,S20535371,,1
1388,31443,species,Pin-tailed Whydah,Vidua macroura,,Ithala GR,ZA-NL,01 Oct 2014,L3161131,S20535371,,1
1389,29690,species,African Stonechat,Saxicola torquatus,,Ithala GR,ZA-NL,01 Oct 2014,L3161131,S20535371,,1
1390,29663,species,Cape Rock-Thrush,Monticola rupestris,,Ithala GR,ZA-NL,01 Oct 2014,L3161131,S20535371,,1
1391,23050,species,Bar-throated Apalis,Apalis thoracica,,Ithala GR,ZA-NL,01 Oct 2014,L3161131,S20535371,,1
1392,20169,species,Sulphur-breasted Bushshrike,Chlorophoneus sulfureopectus,,Ithala GR,ZA-NL,01 Oct 2014,L3161131,S20535371,,1
1393,8541,species,Jackal Buzzard,Buteo rufofuscus,,Ithala GR,ZA-NL,01 Oct 2014,L3161131,S20535371,,1
1394,8309,species,African Marsh Harrier,Circus ranivorus,1,Ithala GR,ZA-NL,01 Oct 2014,L3161131,S20535371,,1
1395,7507,species,Southern Bald Ibis,Geronticus calvus,,Ithala GR,ZA-NL,01 Oct 2014,L3161131,S20535371,,1
1396,30843,species,Village Weaver,Ploceus cucullatus,,Nhlangano,SZ-SH,30 Sep 2014,L3159754,S20523644,,1
1397,10666,species,Black-collared Barbet,Lybius torquatus,,Nhlangano,SZ-SH,30 Sep 2014,L3159754,S20523644,,1
1398,7846,species,Black-winged Kite,Elanus caeruleus,,Nhlangano,SZ-SH,30 Sep 2014,L3159754,S20523644,,1
1399,4178,species,African Palm Swift,Cypsiurus parvus,,Nhlangano,SZ-SH,30 Sep 2014,L3159754,S20523644,,1
1400,30376,species,Greater Double-collared Sunbird,Cinnyris afer,,Foresters Arms,SZ-MA,29 Sep 2014,L3159704,S20523304,,1
1401,29212,species,Cape Robin-Chat,Dessonornis caffer,,Foresters Arms,SZ-MA,29 Sep 2014,L3159704,S20523304,,1
1402,28923,species,Southern Black-Flycatcher,Melaenornis pammelaina,,Foresters Arms,SZ-MA,29 Sep 2014,L3159704,S20523304,,1
1403,25703,species,Cape White-eye,Zosterops virens,,Kruger NP--S114/Skukuza to Malelane Gate (Decommissioned Hotspot--do not use),ZA-MP,29 Sep 2014,L2978028,S20523442,,1
1404,240,species,White-faced Whistling-Duck,Dendrocygna viduata,,Kruger NP--S114/Skukuza to Malelane Gate (Decommissioned Hotspot--do not use),ZA-MP,29 Sep 2014,L2978028,S20523442,,1
1405,31416,species,African Firefinch,Lagonosticta rubricata,,Kruger NP--southern section (please be more specific),ZA-MP,28 Sep 2014,L972510,S20390197,,1
1406,31298,species,Common Waxbill,Estrilda astrild,,Kruger NP--southern section (please be more specific),ZA-MP,28 Sep 2014,L972510,S20390197,,1
1407,30817,species,Lesser Masked-Weaver,Ploceus intermedius,,Kruger NP--southern section (please be more specific),ZA-MP,28 Sep 2014,L972510,S20390197,,1
1408,28978,species,White-browed Scrub-Robin,Cercotrichas leucophrys,1,Kruger NP--southern section (please be more specific),ZA-MP,28 Sep 2014,L972510,S20390197,,1
1409,28862,species,Pale Flycatcher,Agricola pallidus,,Kruger NP--southern section (please be more specific),ZA-MP,28 Sep 2014,L972510,S20390197,,1
1410,24157,species,Southern Crag-Martin,Ptyonoprogne fuligula,,Kruger NP--southern section (please be more specific),ZA-MP,28 Sep 2014,L972510,S20390197,,1
1411,23278,species,Tawny-flanked Prinia,Prinia subflava,,Kruger NP--southern section (please be more specific),ZA-MP,28 Sep 2014,L972510,S20390197,,1
1412,22240,species,Southern Black-Tit,Melaniparus niger,,Kruger NP--southern section (please be more specific),ZA-MP,28 Sep 2014,L972510,S20390197,,1
1413,9829,species,European Bee-eater,Merops apiaster,,Kruger NP--southern section (please be more specific),ZA-MP,28 Sep 2014,L972510,S20390197,,1
1414,9780,species,White-fronted Bee-eater,Merops bullockoides,,Kruger NP--southern section (please be more specific),ZA-MP,28 Sep 2014,L972510,S20390197,,1
1415,8044,species,Wahlberg's Eagle,Hieraaetus wahlbergi,1,Kruger NP--southern section (please be more specific),ZA-MP,28 Sep 2014,L972510,S20390197,,1
1416,7370,species,African Darter,Anhinga rufa,,Kruger NP--southern section (please be more specific),ZA-MP,28 Sep 2014,L972510,S20390197,,1
1417,7280,species,African Openbill,Anastomus lamelligerus,,Kruger NP--southern section (please be more specific),ZA-MP,28 Sep 2014,L972510,S20390197,,1
1418,5876,species,Wattled Lapwing,Vanellus senegallus,,Kruger NP--southern section (please be more specific),ZA-MP,28 Sep 2014,L972510,S20390197,,1
1419,3114,species,Burchell's Coucal,Centropus burchellii,,Kruger NP--southern section (please be more specific),ZA-MP,28 Sep 2014,L972510,S20390197,,1
1420,2985,species,Purple-crested Turaco,Gallirex porphyreolophus,,Kruger NP--southern section (please be more specific),ZA-MP,28 Sep 2014,L972510,S20390197,,1
1421,27953,species,Meves's Starling,Lamprotornis mevesii,,Kruger NP--Skukuza Camp (Camp only; please use more precise hotspots for drives),ZA-MP,27 Sep 2014,L951360,S20389946,,1
1422,20192,species,Gray-headed Bushshrike,Malaconotus blanchoti,,Kruger NP--Skukuza Camp (Camp only; please use more precise hotspots for drives),ZA-MP,27 Sep 2014,L951360,S20389946,,1
1423,20083,species,Brown-crowned Tchagra,Tchagra australis,1,Kruger NP--Skukuza Camp (Camp only; please use more precise hotspots for drives),ZA-MP,27 Sep 2014,L951360,S20389946,,1
1424,20050,species,Black-backed Puffback,Dryoscopus cubla,,Kruger NP--Skukuza Camp (Camp only; please use more precise hotspots for drives),ZA-MP,27 Sep 2014,L951360,S20389946,,1
1425,9704,species,Trumpeter Hornbill,Bycanistes bucinator,,Kruger NP--Skukuza Camp (Camp only; please use more precise hotspots for drives),ZA-MP,27 Sep 2014,L951360,S20389946,,1
1426,7941,species,Cape Griffon,Gyps coprotheres,,Kruger NP--Skukuza Camp (Camp only; please use more precise hotspots for drives),ZA-MP,27 Sep 2014,L951360,S20389946,,1
1427,7516,species,Hadada Ibis,Bostrychia hagedash,,Kruger NP--Skukuza Camp (Camp only; please use more precise hotspots for drives),ZA-MP,27 Sep 2014,L951360,S20389946,,1
1428,7285,species,African Woolly-necked Stork,Ciconia microscelis,,Kruger NP--Skukuza Camp (Camp only; please use more precise hotspots for drives),ZA-MP,27 Sep 2014,L951360,S20389946,,1
1429,6005,species,African Jacana,Actophilornis africanus,,Kruger NP--Skukuza Camp (Camp only; please use more precise hotspots for drives),ZA-MP,27 Sep 2014,L951360,S20389946,,1
1430,2043,species,Mourning Collared-Dove,Streptopelia decipiens,,Kruger NP--Skukuza Camp (Camp only; please use more precise hotspots for drives),ZA-MP,27 Sep 2014,L951360,S20389946,,1
1431,1824,species,Natal Spurfowl,Pternistis natalensis,,Kruger NP--Skukuza Camp (Camp only; please use more precise hotspots for drives),ZA-MP,27 Sep 2014,L951360,S20389946,,1
1432,31359,species,Southern Cordonbleu,Uraeginthus angolensis,,Kruger NP--Letaba-Olifants Rd,ZA-LP,26 Sep 2014,L2355950,S20351042,,1
1433,30978,species,Red-collared Widowbird,Euplectes ardens,,Kruger NP--Letaba-Olifants Rd,ZA-LP,26 Sep 2014,L2355950,S20351042,,1
1434,30434,species,White-bellied Sunbird,Cinnyris talatala,,Kruger NP--Letaba-Olifants Rd,ZA-LP,26 Sep 2014,L2355950,S20351042,,1
1435,29225,species,White-browed Robin-Chat,Cossypha heuglini,,Kruger NP--Letaba-Olifants Rd,ZA-LP,26 Sep 2014,L2355950,S20351042,,1
1436,27948,species,Burchell's Starling,Lamprotornis australis,1,Kruger NP--Letaba-Olifants Rd,ZA-LP,26 Sep 2014,L2355950,S20351042,,1
1437,24254,species,Lesser Striped Swallow,Cecropis abyssinica,,Kruger NP--Letaba-Olifants Rd,ZA-LP,26 Sep 2014,L2355950,S20351042,,1
1438,24214,species,Western House-Martin,Delichon urbicum,,Kruger NP--Letaba-Olifants Rd,ZA-LP,26 Sep 2014,L2355950,S20351042,,1
1439,22880,species,Long-billed Crombec,Sylvietta rufescens,,Kruger NP--Letaba-Olifants Rd,ZA-LP,26 Sep 2014,L2355950,S20351042,,1
1440,21168,species,White-crowned Shrike,Eurocephalus anguitimens,,Kruger NP--Letaba-Olifants Rd,ZA-LP,26 Sep 2014,L2355950,S20351042,,1
1441,19920,species,Retz's Helmetshrike,Prionops retzii,,Kruger NP--Letaba-Olifants Rd,ZA-LP,26 Sep 2014,L2355950,S20351042,,1
1442,11289,species,Cardinal Woodpecker,Dendropicos fuscescens,,Kruger NP--Letaba-Olifants Rd,ZA-LP,26 Sep 2014,L2355950,S20351042,,1
1443,10535,species,Crested Barbet,Trachyphonus vaillantii,,Kruger NP--Letaba-Olifants Rd,ZA-LP,26 Sep 2014,L2355950,S20351042,,1
1444,6136,species,Marsh Sandpiper,Tringa stagnatilis,,Kruger NP--Letaba-Olifants Rd,ZA-LP,26 Sep 2014,L2355950,S20351042,,1
1445,5747,species,Water Thick-knee,Burhinus vermiculatus,,Kruger NP--Letaba-Olifants Rd,ZA-LP,26 Sep 2014,L2355950,S20351042,,1
1446,5587,species,Black Crake,Zapornia flavirostra,,Kruger NP--Letaba-Olifants Rd,ZA-LP,26 Sep 2014,L2355950,S20351042,,1
1448,32756,species,Golden-breasted Bunting,Emberiza flaviventris,,Kruger NP--Letaba-Olifants Rd,ZA-LP,25 Sep 2014,L2355950,S20317879,,1
1449,30754,species,Red-headed Weaver,Anaplectes rubriceps,,Kruger NP--Letaba-Olifants Rd,ZA-LP,25 Sep 2014,L2355950,S20317879,,1
1450,27680,species,Red-billed Oxpecker,Buphagus erythroryncha,,Kruger NP--Letaba-Olifants Rd,ZA-LP,25 Sep 2014,L2355950,S20317879,,1
1451,24720,species,Common Bulbul,Pycnonotus barbatus,,Kruger NP--Letaba-Olifants Rd,ZA-LP,25 Sep 2014,L2355950,S20317879,,1
1452,22371,species,Dusky Lark,Pinarocorys nigricans,,Kruger NP--Letaba-Olifants Rd,ZA-LP,25 Sep 2014,L2355950,S20317879,,1
1453,20071,species,Black-crowned Tchagra,Tchagra senegalus,1,Kruger NP--Letaba-Olifants Rd,ZA-LP,25 Sep 2014,L2355950,S20317879,,1
1454,19905,species,White-crested Helmetshrike,Prionops plumatus,,Kruger NP--Letaba-Olifants Rd,ZA-LP,25 Sep 2014,L2355950,S20317879,,1
1455,19875,species,Chinspot Batis,Batis molitor,,Kruger NP--Letaba-Olifants Rd,ZA-LP,25 Sep 2014,L2355950,S20317879,,1
1456,19676,species,African Black-headed Oriole,Oriolus larvatus,1,Kruger NP--Letaba-Olifants Rd,ZA-LP,25 Sep 2014,L2355950,S20317879,,1
1457,12781,species,Brown-headed Parrot,Poicephalus cryptoxanthus,,Kruger NP--Letaba-Olifants Rd,ZA-LP,25 Sep 2014,L2355950,S20317879,,1
1458,10307,species,Pied Kingfisher,Ceryle rudis,,Kruger NP--Letaba-Olifants Rd,ZA-LP,25 Sep 2014,L2355950,S20317879,,1
1459,10293,species,Giant Kingfisher,Megaceryle maxima,,Kruger NP--Letaba-Olifants Rd,ZA-LP,25 Sep 2014,L2355950,S20317879,,1
1460,10103,species,Brown-hooded Kingfisher,Halcyon albiventris,,Kruger NP--Letaba-Olifants Rd,ZA-LP,25 Sep 2014,L2355950,S20317879,,1
1461,9618,species,Green Woodhoopoe,Phoeniculus purpureus,,Kruger NP--Letaba-Olifants Rd,ZA-LP,25 Sep 2014,L2355950,S20317879,,1
1462,8374,species,African Fish-Eagle,Icthyophaga vocifer,,Kruger NP--Letaba-Olifants Rd,ZA-LP,25 Sep 2014,L2355950,S20317879,,1
1463,8345,species,Black Kite,Milvus migrans,,Kruger NP--Letaba-Olifants Rd,ZA-LP,25 Sep 2014,L2355950,S20317879,,1
1464,7745,species,Gray Heron,Ardea cinerea,,Kruger NP--Letaba-Olifants Rd,ZA-LP,25 Sep 2014,L2355950,S20317879,,1
1465,7529,species,African Spoonbill,Platalea alba,,Kruger NP--Letaba-Olifants Rd,ZA-LP,25 Sep 2014,L2355950,S20317879,,1
1466,5867,species,White-crowned Lapwing,Vanellus albiceps,,Kruger NP--Letaba-Olifants Rd,ZA-LP,25 Sep 2014,L2355950,S20317879,,1
1467,2548,species,African Green-Pigeon,Treron calvus,,Kruger NP--Letaba-Olifants Rd,ZA-LP,25 Sep 2014,L2355950,S20317879,,1
1468,2151,species,Emerald-spotted Wood-Dove,Turtur chalcospilos,,Kruger NP--Letaba-Olifants Rd,ZA-LP,25 Sep 2014,L2355950,S20317879,,1
1469,2071,species,Laughing Dove,Spilopelia senegalensis,,Kruger NP--Letaba-Olifants Rd,ZA-LP,25 Sep 2014,L2355950,S20317879,,1
1470,1836,species,Swainson's Spurfowl,Pternistis swainsonii,,Kruger NP--Letaba-Olifants Rd,ZA-LP,25 Sep 2014,L2355950,S20317879,,1
1471,32368,species,Yellow-fronted Canary,Crithagra mozambica,1,Kruger NP--Letaba-Olifants Rd,ZA-LP,24 Sep 2014,L2355950,S20314308,,1
1472,30786,species,Spectacled Weaver,Ploceus ocularis,,Kruger NP--Letaba-Olifants Rd,ZA-LP,24 Sep 2014,L2355950,S20314308,,1
1473,29830,species,Familiar Chat,Oenanthe familiaris,1,Kruger NP--Letaba-Olifants Rd,ZA-LP,24 Sep 2014,L2355950,S20314308,,1
1474,28448,species,Kurrichane Thrush,Turdus libonyana,,Kruger NP--Letaba-Olifants Rd,ZA-LP,24 Sep 2014,L2355950,S20314308,,1
1475,24229,species,Greater Striped Swallow,Cecropis cucullata,,Kruger NP--Letaba-Olifants Rd,ZA-LP,24 Sep 2014,L2355950,S20314308,,1
1476,9678,species,Southern Red-billed Hornbill,Tockus rufirostris,,Kruger NP--Letaba-Olifants Rd,ZA-LP,24 Sep 2014,L2355950,S20314308,,1
1477,8075,species,African Hawk-Eagle,Aquila spilogaster,,Kruger NP--Letaba-Olifants Rd,ZA-LP,24 Sep 2014,L2355950,S20314308,,1
1478,7308,species,Yellow-billed Stork,Mycteria ibis,,Kruger NP--Letaba-Olifants Rd,ZA-LP,24 Sep 2014,L2355950,S20314308,,1
1479,7300,species,Saddle-billed Stork,Ephippiorhynchus senegalensis,,Kruger NP--Letaba-Olifants Rd,ZA-LP,24 Sep 2014,L2355950,S20314308,,1
1480,2952,species,Red-crested Bustard,Lophotis ruficrista,,Kruger NP--Letaba-Olifants Rd,ZA-LP,24 Sep 2014,L2355950,S20314308,,1
1481,30796,species,Cape Weaver,Ploceus capensis,1,Dullstroom Nature Reserve,ZA-MP,23 Sep 2014,L2522918,S20310028,,1
1482,30263,species,Amethyst Sunbird,Chalcomitra amethystina,1,Dullstroom Nature Reserve,ZA-MP,23 Sep 2014,L2522918,S20310028,,1
1483,27911,species,Red-winged Starling,Onychognathus morio,8,Dullstroom Nature Reserve,ZA-MP,23 Sep 2014,L2522918,S20310028,,1
1484,21146,species,Southern Fiscal,Lanius collaris,1,Dullstroom Nature Reserve,ZA-MP,23 Sep 2014,L2522918,S20310028,,1
1485,9403,species,Speckled Mousebird,Colius striatus,6,Dullstroom Nature Reserve,ZA-MP,23 Sep 2014,L2522918,S20310028,,1
1486,7381,species,Reed Cormorant,Microcarbo africanus,1,Dullstroom Nature Reserve,ZA-MP,23 Sep 2014,L2522918,S20310028,,1
1487,7565,species,Least Bittern,Botaurus exilis,1,Colonel Samuel Smith Park,CA-ON,09 Sep 2014,L421884,S19783790,,1
1489,33972,species,Tennessee Warbler,Leiothlypis peregrina,1,Britannia CA--Mud Lake,CA-ON,01 Sep 2014,L1795397,S19634457,,1
1490,19244,species,Philadelphia Vireo,Vireo philadelphicus,1,Britannia CA--Mud Lake,CA-ON,01 Sep 2014,L1795397,S19634457,,1
1491,16924,species,Eastern Wood-Pewee,Contopus virens,1,Britannia CA--Mud Lake,CA-ON,01 Sep 2014,L1795397,S19634457,,1
1492,26848,species,Golden-crowned Kinglet,Regulus satrapa,2,Kettle Lakes Provincial Park,CA-ON,05 Jun 2014,L1807260,S18697311,,1
1493,19267,species,Red-eyed Vireo,Vireo olivaceus,1,Kettle Lakes Provincial Park,CA-ON,05 Jun 2014,L1807260,S18697311,,1
1494,6933,species,Common Loon,Gavia immer,1,CA-ON-Timmins-7-9 McIntyre Rd,CA-ON,04 Jun 2014,L2899988,S18686657,,1
1495,6927,species,Red-throated Loon,Gavia stellata,1,"47.5697x-70.2058 - May 25, 2014, 4:01 PM",CA-QC,25 May 2014,L2879050,S18562113,,1
1496,6539,species,American Herring Gull,Larus smithsonianus,1,"47.5697x-70.2058 - May 25, 2014, 4:01 PM",CA-QC,25 May 2014,L2879050,S18562113,,1
1497,34344,species,Canada Warbler,Cardellina canadensis,1,CA-QC-Saint-Joseph-de-la-Rive-576-598 Chemin du Quai,CA-QC,25 May 2014,L2876762,S18549902,,1
1498,34083,species,Bay-breasted Warbler,Setophaga castanea,1,CA-QC-Saint-Joseph-de-la-Rive-576-598 Chemin du Quai,CA-QC,25 May 2014,L2876762,S18547836,,1
1499,1283,species,Ruffed Grouse,Bonasa umbellus,1,CA-QC-Saint-Joseph-de-la-Rive-576-598 Chemin du Quai,CA-QC,25 May 2014,L2876762,S18547836,,1
1500,5455,species,Sora,Porzana carolina,1,Ile aux Coudres (SVP choisir des endroits plus précis),CA-QC,24 May 2014,L426059,S18538805,,1
1501,33946,species,Ovenbird,Seiurus aurocapilla,1,Gare fluviale St-Joseph-de-la-Rive,CA-QC,24 May 2014,L14613891,S18531976,,1
1502,715,species,Common Eider,Somateria mollissima,2,Gare fluviale St-Joseph-de-la-Rive,CA-QC,24 May 2014,L14613891,S18531976,,1
1503,34141,species,Black-throated Blue Warbler,Setophaga caerulescens,1,RNF du Cap-Tourmente (SVP choisir des endroits plus précis),CA-QC,23 May 2014,L164932,S18523822,,1
1504,34060,species,Cape May Warbler,Setophaga tigrina,1,RNF du Cap-Tourmente (SVP choisir des endroits plus précis),CA-QC,23 May 2014,L164932,S18523822,,1
1505,6129,species,Solitary Sandpiper,Tringa solitaria,1,RNF du Cap-Tourmente (SVP choisir des endroits plus précis),CA-QC,23 May 2014,L164932,S18523822,,1
1506,382,species,Trumpeter Swan,Cygnus buccinator,,Burlington--LaSalle Park/Marina,CA-ON,05 May 2014,L168802,S18234413,,1
1507,33272,species,Henslow's Sparrow,Centronyx henslowii,1,Point Pelee NP--Tip,CA-ON,04 May 2014,L611224,S18213534,,1
1508,27295,species,Winter Wren,Troglodytes hiemalis,1,Point Pelee NP--Tip,CA-ON,04 May 2014,L611224,S18213534,,1
1509,33217,species,Vesper Sparrow,Pooecetes gramineus,,Mersea Rd 21 fields,CA-ON,04 May 2014,L2817016,S18224357,,1
1510,22710,species,Horned Lark,Eremophila alpestris,,Mersea Rd 21 fields,CA-ON,04 May 2014,L2817016,S18224357,,1
1511,728,species,Surf Scoter,Melanitta perspicillata,10,Point Pelee NP--Tip,CA-ON,03 May 2014,L611224,S18195574,,1
1512,24081,species,Purple Martin,Progne subis,1,Point Pelee NP--Tip,CA-ON,02 May 2014,L611224,S18179692,,1
1513,33002,species,Field Sparrow,Spizella pusilla,2,Mersea Rd 21 fields,CA-ON,02 May 2014,L2817016,S18176947,,1
1514,27329,species,Marsh Wren,Cistothorus palustris,1,Hillman Marsh CA (general location),CA-ON,01 May 2014,L283720,S18168553,,1
1515,6731,species,Forster's Tern,Sterna forsteri,10,Hillman Marsh CA (general location),CA-ON,01 May 2014,L283720,S18168553,,1
1516,32996,species,Clay-colored Sparrow,Spizella pallida,2,Point Pelee NP* general (use more precise loc.),CA-ON,01 May 2014,L131153,S18164526,,1
1517,6869,species,Red-necked Grebe,Podiceps grisegena,,Colonel Samuel Smith Park,CA-ON,30 Apr 2014,L421884,S18152280,,1
1519,8479,species,Broad-winged Hawk,Buteo platypterus,1,Ottawa--Rideau Forest,CA-ON,20 Apr 2014,L2381380,S17996416,,1
1520,33568,species,Eastern Meadowlark,Sturnella magna,1,Ottawa--Earl Armstrong Rd,CA-ON,12 Apr 2014,L2092728,S17878091,,1
1521,762,species,Common Merganser,Mergus merganser,1,Presqu'ile Provincial Park* general (use more precise loc.),CA-ON,06 Apr 2014,L351706,S17772174,,1
1522,741,species,Long-tailed Duck,Clangula hyemalis,1,Presqu'ile Provincial Park* general (use more precise loc.),CA-ON,06 Apr 2014,L351706,S17772174,,1
1523,667,species,Redhead,Aythya americana,,Presqu'ile Provincial Park* general (use more precise loc.),CA-ON,06 Apr 2014,L351706,S17772174,,1
1524,27813,species,European Starling,Sturnus vulgaris,7,Ottawa--Limebank road,CA-ON,29 Mar 2014,L2405870,S17653963,N,1
1525,32674,species,Snow Bunting,Plectrophenax nivalis,25,Ottawa--Navan (Wall rd),CA-ON,16 Feb 2014,L2659339,S17066743,,1
1526,8528,species,Rough-legged Hawk,Buteo lagopus,1,Ottawa--Earl Armstrong Rd,CA-ON,23 Jan 2014,L2092728,S16483990,,1
1527,8909,species,Snowy Owl,Bubo scandiacus,1,Casselman - Along 417,CA-ON,24 Dec 2013,L2483450,S16078534,,1
1528,33095,species,American Tree Sparrow,Spizelloides arborea,,Ottawa--Rideau Forest,CA-ON,21 Dec 2013,L2381380,S16034103,,1
1529,6562,species,Great Black-backed Gull,Larus marinus,1,Ottawa--Andrew Haydon Park,CA-ON,01 Nov 2013,L384642,S15542295,,1
1530,314,species,Brant,Branta bernicla,,Malibu Lagoon--State Beach including Lagoon,US-CA,25 Oct 2013,L597658,S15491549,,1
1531,287,species,Greater White-fronted Goose,Anser albifrons,,Del Rey Lagoon Park,US-CA,25 Oct 2013,L198793,S15489118,,1
1532,27288,species,Pacific Wren,Troglodytes pacificus,1,US-CA-Gaviota-3190 Alisal Rd,US-CA,22 Oct 2013,L2395839,S15471072,,1
1533,21091,species,Loggerhead Shrike,Lanius ludovicianus,1,Santa Cruz Island--Scorpion Canyon Campgrounds,US-CA,21 Oct 2013,L2442150,S15464627,,1
1534,7234,species,Black-vented Shearwater,Puffinus opisthomelas,,Santa Cruz Island--Scorpion Canyon Campgrounds,US-CA,21 Oct 2013,L2442150,S15464627,,1
1535,7213,species,Sooty Shearwater,Ardenna grisea,,Santa Cruz Island--Scorpion Canyon Campgrounds,US-CA,21 Oct 2013,L2442150,S15464627,,1
1536,7205,species,Pink-footed Shearwater,Ardenna creatopus,,Santa Cruz Island--Scorpion Canyon Campgrounds,US-CA,21 Oct 2013,L2442150,S15464627,,1
1537,6361,species,Parasitic Jaeger,Stercorarius parasiticus,,Santa Cruz Island--Scorpion Canyon Campgrounds,US-CA,21 Oct 2013,L2442150,S15464627,,1
1538,33851,species,Brewer's Blackbird,Euphagus cyanocephalus,,Ventura Harbor--general,US-CA,21 Oct 2013,L351583,S15460540,,1
1539,33386,species,Spotted Towhee,Pipilo maculatus,,Santa Barbara Botanic Garden,US-CA,20 Oct 2013,L798142,S15454386,,1
1540,28333,species,Hermit Thrush,Catharus guttatus,,Santa Barbara Botanic Garden,US-CA,20 Oct 2013,L798142,S15454386,,1
1541,4831,species,Allen's Hummingbird,Selasphorus sasin,1,Mission Creek--SB Museum of Natural History,US-CA,20 Oct 2013,L600095,S15451608,,1
1542,6622,species,Black Skimmer,Rynchops niger,,Santa Barbara Harbor--Stearns Wharf,US-CA,19 Oct 2013,L374051,S15442696,,1
1543,778,species,Ruddy Duck,Oxyura jamaicensis,,Santa Barbara Harbor--Stearns Wharf,US-CA,19 Oct 2013,L374051,S15442696,,1
1544,6876,species,Eared Grebe,Podiceps nigricollis,1,San Elijo Lagoon--west,US-CA,17 Oct 2013,L761141,S15429571,,1
1545,6121,species,Red-necked Phalarope,Phalaropus lobatus,1,San Elijo Lagoon--west,US-CA,17 Oct 2013,L761141,S15428897,,1
1546,6164,species,Black Turnstone,Arenaria melanocephala,12,Sunset Cliffs--pullouts,US-CA,17 Oct 2013,L386081,S15428483,,1
1547,6888,species,Western Grebe,Aechmophorus occidentalis,11,Cabrillo National Monument,US-CA,17 Oct 2013,L280562,S15428469,,1
1548,25253,species,Bushtit,Psaltriparus minimus,,San Elijo Lagoon--west,US-CA,16 Oct 2013,L761141,S15423499,,1
1549,7468,species,White-faced Ibis,Plegadis chihi,12,San Elijo Lagoon--west,US-CA,16 Oct 2013,L761141,S15423499,,1
1550,5256,species,Ridgway's Rail,Rallus obsoletus,1,San Elijo Lagoon--west,US-CA,16 Oct 2013,L761141,S15423499,,1
1551,612,species,Green-winged Teal,Anas crecca,4,San Elijo Lagoon--west,US-CA,16 Oct 2013,L761141,S15423499,,1
1553,505,species,Gadwall,Mareca strepera,3,San Elijo Lagoon--west,US-CA,16 Oct 2013,L761141,S15420955,,1
1554,21303,species,California Scrub-Jay,Aphelocoma californica,1,San Elijo Lagoon--west,US-CA,16 Oct 2013,L761141,S15420453,,1
1555,17461,species,Cassin's Kingbird,Tyrannus vociferans,1,San Elijo Lagoon--west,US-CA,16 Oct 2013,L761141,S15420453,,1
1556,3038,species,Greater Roadrunner,Geococcyx californianus,,Border Field State Park,US-CA,15 Oct 2013,L2388765,S15415762,,1
1557,33565,species,Western Meadowlark,Sturnella neglecta,,Sweetwater NWR,US-CA,15 Oct 2013,L2388387,S15413421,,1
1558,17010,species,Say's Phoebe,Sayornis saya,,Sweetwater NWR,US-CA,15 Oct 2013,L2388387,S15413421,,1
1559,8324,species,Northern Harrier,Circus hudsonius,,Sweetwater NWR,US-CA,15 Oct 2013,L2388387,S15413421,,1
1560,8256,species,Sharp-shinned Hawk,Accipiter striatus,2,Sweetwater NWR,US-CA,15 Oct 2013,L2388387,S15413421,,1
1561,5811,species,Black-bellied Plover,Pluvialis squatarola,,Sweetwater NWR,US-CA,15 Oct 2013,L2388387,S15413421,,1
1562,7389,species,Brandt's Cormorant,Urile penicillatus,,Point La Jolla--seawatch,US-CA,14 Oct 2013,L233548,S15407693,,1
1563,34206,species,Townsend's Warbler,Setophaga townsendi,,Balboa Park--general area,US-CA,14 Oct 2013,L337602,S15405311,,1
1564,27362,species,Bewick's Wren,Thryomanes bewickii,,Balboa Park--general area,US-CA,14 Oct 2013,L337602,S15405311,,1
1565,19204,species,Hutton's Vireo,Vireo huttoni,,Balboa Park--general area,US-CA,14 Oct 2013,L337602,S15405311,,1
1566,33244,species,Savannah Sparrow,Passerculus sandwichensis,,Torrey Pines State Reserve--upper trails & beach,US-CA,14 Oct 2013,L1435475,S15407770,,1
1567,6011,species,Hudsonian Whimbrel,Numenius hudsonicus,,Torrey Pines State Reserve--upper trails & beach,US-CA,14 Oct 2013,L1435475,S15407770,,1
1568,5941,species,Snowy Plover,Anarhynchus nivosus,,Torrey Pines State Reserve--upper trails & beach,US-CA,14 Oct 2013,L1435475,S15407770,,1
1569,6051,species,Marbled Godwit,Limosa fedoa,8,Southern Wildlife Preserve,US-CA,13 Oct 2013,L2386324,S15396496,,1
1570,6021,species,Long-billed Curlew,Numenius americanus,2,Bayshore Bikeway--Emory Cove & Pond 11,US-CA,13 Oct 2013,L761524,S15396554,,1
1571,16998,species,Black Phoebe,Sayornis nigricans,,Sunset Cliffs--pullouts,US-CA,13 Oct 2013,L386081,S15396965,,1
1572,7391,species,Pelagic Cormorant,Urile pelagicus,,Sunset Cliffs--pullouts,US-CA,13 Oct 2013,L386081,S15396965,,1
1573,6528,species,Western Gull,Larus occidentalis,,Sunset Cliffs--pullouts,US-CA,13 Oct 2013,L386081,S15396965,,1
1574,1853,species,Rock Pigeon,Columba livia,,Sunset Cliffs--pullouts,US-CA,13 Oct 2013,L386081,S15396965,N,1
1575,32609,species,Lesser Goldfinch,Spinus psaltria,,Point Loma--general area,US-CA,13 Oct 2013,L109307,S15396825,,1
1576,32310,species,House Finch,Haemorhous mexicanus,,Point Loma--general area,US-CA,13 Oct 2013,L109307,S15396825,,1
1577,28136,species,Western Bluebird,Sialia mexicana,2,Point Loma--general area,US-CA,13 Oct 2013,L109307,S15396825,,1
1578,28114,species,Northern Mockingbird,Mimus polyglottos,,Point Loma--general area,US-CA,13 Oct 2013,L109307,S15396825,,1
1579,4814,species,Anna's Hummingbird,Calypte anna,,Point Loma--general area,US-CA,13 Oct 2013,L109307,S15396825,,1
1580,33350,species,California Towhee,Melozone crissalis,,I5 Lookout,US-CA,12 Oct 2013,L2384986,S15388731,,1
1581,28054,species,California Thrasher,Toxostoma redivivum,,I5 Lookout,US-CA,12 Oct 2013,L2384986,S15388731,,1
1582,6512,species,Heermann's Gull,Larus heermanni,,I5 Lookout,US-CA,12 Oct 2013,L2384986,S15388731,,1
1583,11762,species,Pileated Woodpecker,Dryocopus pileatus,,Britannia CA--Mud Lake,CA-ON,09 Oct 2013,L1795397,S15364240,,1
1584,33848,species,Rusty Blackbird,Euphagus carolinus,1,Britannia CA--Britannia Ridge,CA-ON,01 Oct 2013,L1535778,S15359906,,1
1585,571,species,American Black Duck,Anas rubripes,4,Britannia CA--Britannia Ridge,CA-ON,01 Oct 2013,L1535778,S15359906,,1
1586,26889,species,White-breasted Nuthatch,Sitta carolinensis,,Ottawa--Old Quarry Trail,CA-ON,25 Sep 2013,L1796320,S15364362,,1
1587,11427,species,Hairy Woodpecker,Leuconotopicus villosus,1,Ottawa--Old Quarry Trail,CA-ON,25 Sep 2013,L1796320,S15364362,,1
1588,31883,species,American Pipit,Anthus rubescens,,North Bay--Amelia Park,CA-ON,19 Sep 2013,L1254491,S15371330,,1
1589,8910,species,Great Horned Owl,Bubo virginianus,4,Britannia CA--Mud Lake,CA-ON,06 May 2013,L1795397,S15364866,,1
1590,34557,species,Rose-breasted Grosbeak,Pheucticus ludovicianus,,Point Pelee NP* general (use more precise loc.),CA-ON,03 May 2013,L131153,S15364807,,1
1591,34084,species,Blackburnian Warbler,Setophaga fusca,,Point Pelee NP* general (use more precise loc.),CA-ON,03 May 2013,L131153,S15364807,,1
1592,33415,species,Eastern Towhee,Pipilo erythrophthalmus,,Point Pelee NP* general (use more precise loc.),CA-ON,03 May 2013,L131153,S15364807,,1
1593,6192,species,Dunlin,Calidris alpina,,Point Pelee NP* general (use more precise loc.),CA-ON,03 May 2013,L131153,S15364807,,1
1594,694,species,Greater Scaup,Aythya marila,,Point Pelee NP* general (use more precise loc.),CA-ON,03 May 2013,L131153,S15364807,,1
1595,34436,species,Scarlet Tanager,Piranga olivacea,,Point Pelee NP* general (use more precise loc.),CA-ON,02 May 2013,L131153,S15364735,,1
1596,34148,species,Palm Warbler,Setophaga palmarum,,Point Pelee NP* general (use more precise loc.),CA-ON,02 May 2013,L131153,S15364735,,1
1597,33853,species,Common Grackle,Quiscalus quiscula,,Point Pelee NP* general (use more precise loc.),CA-ON,02 May 2013,L131153,S15364735,,1
1598,33779,species,Red-winged Blackbird,Agelaius phoeniceus,,Point Pelee NP* general (use more precise loc.),CA-ON,02 May 2013,L131153,S15364735,,1
1599,33277,species,Song Sparrow,Melospiza melodia,,Point Pelee NP* general (use more precise loc.),CA-ON,02 May 2013,L131153,S15364735,,1
1600,33201,species,White-throated Sparrow,Zonotrichia albicollis,,Point Pelee NP* general (use more precise loc.),CA-ON,02 May 2013,L131153,S15364735,,1
1601,33187,species,White-crowned Sparrow,Zonotrichia leucophrys,,Point Pelee NP* general (use more precise loc.),CA-ON,02 May 2013,L131153,S15364735,,1
1602,28633,species,American Robin,Turdus migratorius,,Point Pelee NP* general (use more precise loc.),CA-ON,02 May 2013,L131153,S15364735,,1
1603,28313,species,Veery,Catharus fuscescens,,Point Pelee NP* general (use more precise loc.),CA-ON,02 May 2013,L131153,S15364735,,1
1604,28037,species,Brown Thrasher,Toxostoma rufum,,Point Pelee NP* general (use more precise loc.),CA-ON,02 May 2013,L131153,S15364735,,1
1605,27026,species,Brown Creeper,Certhia americana,,Point Pelee NP* general (use more precise loc.),CA-ON,02 May 2013,L131153,S15364735,,1
1606,26937,species,Red-breasted Nuthatch,Sitta canadensis,,Point Pelee NP* general (use more precise loc.),CA-ON,02 May 2013,L131153,S15364735,,1
1607,26844,species,Ruby-crowned Kinglet,Corthylio calendula,,Point Pelee NP* general (use more precise loc.),CA-ON,02 May 2013,L131153,S15364735,,1
1608,24187,species,Barn Swallow,Hirundo rustica,,Point Pelee NP* general (use more precise loc.),CA-ON,02 May 2013,L131153,S15364735,,1
1609,24064,species,Tree Swallow,Tachycineta bicolor,,Point Pelee NP* general (use more precise loc.),CA-ON,02 May 2013,L131153,S15364735,,1
1610,24051,species,Bank Swallow,Riparia riparia,,Point Pelee NP* general (use more precise loc.),CA-ON,02 May 2013,L131153,S15364735,,1
1611,21557,species,American Crow,Corvus brachyrhynchos,,Point Pelee NP* general (use more precise loc.),CA-ON,02 May 2013,L131153,S15364735,,1
1612,19245,species,Eastern Warbling Vireo,Vireo gilvus,,Point Pelee NP* general (use more precise loc.),CA-ON,02 May 2013,L131153,S15364735,,1
1613,19226,species,Blue-headed Vireo,Vireo solitarius,,Point Pelee NP* general (use more precise loc.),CA-ON,02 May 2013,L131153,S15364735,,1
1614,17472,species,Eastern Kingbird,Tyrannus tyrannus,,Point Pelee NP* general (use more precise loc.),CA-ON,02 May 2013,L131153,S15364735,,1
1615,17007,species,Eastern Phoebe,Sayornis phoebe,,Point Pelee NP* general (use more precise loc.),CA-ON,02 May 2013,L131153,S15364735,,1
1616,11145,species,Red-headed Woodpecker,Melanerpes erythrocephalus,,Point Pelee NP* general (use more precise loc.),CA-ON,02 May 2013,L131153,S15364735,,1
1617,6866,species,Horned Grebe,Podiceps auritus,,Point Pelee NP* general (use more precise loc.),CA-ON,02 May 2013,L131153,S15364735,,1
1618,6748,species,Common Tern,Sterna hirundo,,Point Pelee NP* general (use more precise loc.),CA-ON,02 May 2013,L131153,S15364735,,1
1619,6521,species,Ring-billed Gull,Larus delawarensis,,Point Pelee NP* general (use more precise loc.),CA-ON,02 May 2013,L131153,S15364735,,1
1620,6462,species,Bonaparte's Gull,Chroicocephalus philadelphia,,Point Pelee NP* general (use more precise loc.),CA-ON,02 May 2013,L131153,S15364735,,1
1621,2412,species,Mourning Dove,Zenaida macroura,,Point Pelee NP* general (use more precise loc.),CA-ON,02 May 2013,L131153,S15364735,,1
1622,1274,species,Wild Turkey,Meleagris gallopavo,,Point Pelee NP* general (use more precise loc.),CA-ON,02 May 2013,L131153,S15364735,,1
1623,455,species,Wood Duck,Aix sponsa,,Point Pelee NP* general (use more precise loc.),CA-ON,02 May 2013,L131153,S15364735,,1
1624,11900,species,Northern Flicker,Colaptes auratus,,Ottawa--Nicolls Island,CA-ON,23 Apr 2013,L2381325,S15364453,,1
1625,342,species,Canada Goose,Branta canadensis,,Ottawa--Nicolls Island,CA-ON,23 Apr 2013,L2381325,S15364453,,1
1626,673,species,Ring-necked Duck,Aythya collaris,,Britannia CA--Filtration Plant/Point,CA-ON,17 Apr 2013,L351701,S15364481,,1
1627,743,species,Common Goldeneye,Bucephala clangula,,Britannia CA--Mud Lake,CA-ON,07 Apr 2013,L1795397,S15364462,,1
1628,7560,species,American Bittern,Botaurus lentiginosus,1,Marais 3 à 5 (Canards Illimités),CA-QC,05 Apr 2013,L1145146,S15364580,,1
1629,267,species,Snow Goose,Anser caerulescens,,Marais 3 à 5 (Canards Illimités),CA-QC,05 Apr 2013,L1145146,S15364580,,1
1630,9243,species,Great Gray Owl,Strix nebulosa,1,Ottawa--Kanata (March Valley Road),CA-ON,11 Mar 2013,L371379,S15364854,,1
1631,11400,species,Downy Woodpecker,Dryobates pubescens,1,Wolfe Island,CA-ON,16 Feb 2013,L1022214,S15371295,,1
1632,9219,species,Barred Owl,Strix varia,2,Wolfe Island,CA-ON,16 Feb 2013,L1022214,S15371295,,1
1633,770,species,Red-breasted Merganser,Mergus serrator,1,Wolfe Island,CA-ON,16 Feb 2013,L1022214,S15371295,,1
1634,32483,species,Redpoll,Acanthis flammea,,Ottawa--Rideau Forest,CA-ON,02 Feb 2013,L2381380,S15666107,,1
1635,700,species,Lesser Scaup,Aythya affinis,,Merritt Island NWR--Black Point Wildlife Drive,US-FL,01 Jan 2013,L127381,S15371043,,1
1636,594,species,Northern Pintail,Anas acuta,,Merritt Island NWR--Black Point Wildlife Drive,US-FL,01 Jan 2013,L127381,S15371043,,1
1637,517,species,American Wigeon,Mareca americana,,Merritt Island NWR--Black Point Wildlife Drive,US-FL,01 Jan 2013,L127381,S15371043,,1
1638,501,species,Northern Shoveler,Spatula clypeata,,Merritt Island NWR--Black Point Wildlife Drive,US-FL,01 Jan 2013,L127381,S15371043,,1
1639,6189,species,Sanderling,Calidris alba,,Islamorada,US-FL,31 Dec 2012,L250986,S15371090,,1
1640,6061,species,Long-billed Dowitcher,Limnodromus scolopaceus,,Islamorada,US-FL,31 Dec 2012,L250986,S15371090,,1
1641,6490,species,Laughing Gull,Leucophaeus atricilla,,Homestead Bayfront Park,US-FL,25 Dec 2012,L127432,S15371112,,1
1642,7424,species,Double-crested Cormorant,Nannopterum auritum,,Everglades NP (Please consider using more specific locations),US-FL,25 Dec 2012,L3499263,S15371142,,1
1643,11199,species,Red-bellied Woodpecker,Melanerpes carolinus,,Paynes Prairie Preserve SP--East of US 441 (Please consider using a more specific location/hotspot),US-FL,17 Dec 2012,L127275,S15370904,,1
1644,8487,species,Red-shouldered Hawk,Buteo lineatus,,Paynes Prairie Preserve SP--East of US 441 (Please consider using a more specific location/hotspot),US-FL,17 Dec 2012,L127275,S15370904,,1
1645,8367,species,Bald Eagle,Haliaeetus leucocephalus,,Paynes Prairie Preserve SP--East of US 441 (Please consider using a more specific location/hotspot),US-FL,17 Dec 2012,L127275,S15370904,,1
1646,7791,species,American White Pelican,Pelecanus erythrorhynchos,,Paynes Prairie Preserve SP--East of US 441 (Please consider using a more specific location/hotspot),US-FL,17 Dec 2012,L127275,S15370904,,1
1648,6145,species,Lesser Yellowlegs,Tringa flavipes,,Paynes Prairie Preserve SP--East of US 441 (Please consider using a more specific location/hotspot),US-FL,17 Dec 2012,L127275,S15370904,,1
1649,6104,species,Wilson's Snipe,Gallinago delicata,,Paynes Prairie Preserve SP--East of US 441 (Please consider using a more specific location/hotspot),US-FL,17 Dec 2012,L127275,S15370904,,1
1650,5697,species,Sandhill Crane,Antigone canadensis,,Paynes Prairie Preserve SP--East of US 441 (Please consider using a more specific location/hotspot),US-FL,17 Dec 2012,L127275,S15370904,,1
1651,5468,species,Common Gallinule,Gallinula galeata,,Paynes Prairie Preserve SP--East of US 441 (Please consider using a more specific location/hotspot),US-FL,17 Dec 2012,L127275,S15370904,,1
1652,742,species,Bufflehead,Bucephala albeola,,Ottawa--Andrew Haydon Park,CA-ON,09 Dec 2012,L384642,S15371371,,1
1653,754,species,Hooded Merganser,Lophodytes cucullatus,,Ottawa--Billings Bridge,CA-ON,26 Nov 2012,L1924584,S15364885,,1
1654,32221,species,Pine Grosbeak,Pinicola enucleator,,Ottawa--Rideau Forest,CA-ON,21 Nov 2012,L2381380,S15665814,,1
1655,12062,species,Merlin,Falco columbarius,1,Emerald Links,CA-ON,19 Nov 2012,L2381401,S15365016,,1
1656,32324,species,Purple Finch,Haemorhous purpureus,,Ottawa--Rideau Forest,CA-ON,27 Oct 2012,L2381380,S15665791,,1
1657,545,species,Mallard,Anas platyrhynchos,,Ottawa--Rideau Forest,CA-ON,09 Sep 2012,L2381380,S15665764,,1
1658,32617,species,American Goldfinch,Spinus tristis,,Ottawa--MacDonald-Cartier International Airport (High Road),CA-ON,19 Jun 2012,L1217618,S15371413,,1
1659,28126,species,Eastern Bluebird,Sialia sialis,,Ottawa--MacDonald-Cartier International Airport (High Road),CA-ON,19 Jun 2012,L1217618,S15371413,,1
1660,29888,species,Cedar Waxwing,Bombycilla cedrorum,,Ottawa--Rideau Forest,CA-ON,13 Jun 2012,L2381380,S15665777,,1
1661,34200,species,Black-throated Gray Warbler,Setophaga nigrescens,1,Grand Canyon NP--North Rim,US-AZ,30 May 2012,L244396,S81584260,,1
1662,21274,species,Steller's Jay,Cyanocitta stelleri,1,Grand Canyon NP--North Rim,US-AZ,30 May 2012,L244396,S81584260,,1
1663,33833,species,Brown-headed Cowbird,Molothrus ater,,Grand Canyon NP--South Rim,US-AZ,28 May 2012,L281856,S15371239,,1
1664,21624,species,Common Raven,Corvus corax,,Grand Canyon NP--South Rim,US-AZ,28 May 2012,L281856,S15371239,,1
1665,21309,species,Woodhouse's Scrub-Jay,Aphelocoma woodhouseii,,Grand Canyon NP--South Rim,US-AZ,28 May 2012,L281856,S15371239,,1
1666,33564,species,Bobolink,Dolichonyx oryzivorus,,Ottawa--MacDonald-Cartier International Airport (High Road),CA-ON,24 May 2012,L1217618,S15371438,,1
1667,27191,species,Northern House Wren,Troglodytes aedon,,Ottawa--MacDonald-Cartier International Airport (High Road),CA-ON,24 May 2012,L1217618,S15371462,,1
1668,11126,species,Yellow-bellied Sapsucker,Sphyrapicus varius,,Ottawa--Rideau Forest,CA-ON,14 May 2012,L2381380,S15665773,,1
1669,7808,species,California Condor,Gymnogyps californianus,4,Road to North Rim,US-AZ,30 Apr 2012,L2381390,S15364933,,1
1670,33679,species,Orchard Oriole,Icterus spurius,1,Hopkins-Sittee River area,BZ-SC,03 Dec 2011,L660679,S15367714,,1
1671,16429,species,Common Tody-Flycatcher,Todirostrum cinereum,1,Hopkins-Sittee River area,BZ-SC,03 Dec 2011,L660679,S15367714,,1
1672,35574,species,Morelet's Seedeater,Sporophila morelleti,,Cockscomb Basin Wildlife Sanctuary,BZ-SC,02 Dec 2011,L330946,S15367676,,1
1673,35022,species,Golden-hooded Tanager,Stilpnia larvata,,Cockscomb Basin Wildlife Sanctuary,BZ-SC,02 Dec 2011,L330946,S15367676,,1
1674,34786,species,Black-throated Shrike-Tanager,Lanio aurantius,,Cockscomb Basin Wildlife Sanctuary,BZ-SC,02 Dec 2011,L330946,S15367676,,1
1675,34740,species,Gray-headed Tanager,Eucometis penicillata,,Cockscomb Basin Wildlife Sanctuary,BZ-SC,02 Dec 2011,L330946,S15367676,,1
1676,34607,species,Indigo Bunting,Passerina cyanea,,Cockscomb Basin Wildlife Sanctuary,BZ-SC,02 Dec 2011,L330946,S15367676,,1
1677,34598,species,Blue Grosbeak,Passerina caerulea,,Cockscomb Basin Wildlife Sanctuary,BZ-SC,02 Dec 2011,L330946,S15367676,,1
1678,34505,species,Black-faced Grosbeak,Caryothraustes poliogaster,,Cockscomb Basin Wildlife Sanctuary,BZ-SC,02 Dec 2011,L330946,S15367676,,1
1679,33051,species,Orange-billed Sparrow,Arremon aurantiirostris,,Cockscomb Basin Wildlife Sanctuary,BZ-SC,02 Dec 2011,L330946,S15367676,,1
1680,32042,species,Olive-backed Euphonia,Euphonia gouldi,,Cockscomb Basin Wildlife Sanctuary,BZ-SC,02 Dec 2011,L330946,S15367676,,1
1681,27491,species,Spot-breasted Wren,Pheugopedius maculipectus,,Cockscomb Basin Wildlife Sanctuary,BZ-SC,02 Dec 2011,L330946,S15367676,,1
1682,15764,species,White-collared Manakin,Manacus candei,,Cockscomb Basin Wildlife Sanctuary,BZ-SC,02 Dec 2011,L330946,S15367676,,1
1683,14660,species,Tawny-winged Woodcreeper,Dendrocincla anabatina,,Cockscomb Basin Wildlife Sanctuary,BZ-SC,02 Dec 2011,L330946,S15367676,,1
1684,14655,species,Ruddy Woodcreeper,Dendrocincla homochroa,1,Cockscomb Basin Wildlife Sanctuary,BZ-SC,02 Dec 2011,L330946,S15367676,,1
1685,13817,species,Dot-winged Antwren,Microrhopias quixensis,,Cockscomb Basin Wildlife Sanctuary,BZ-SC,02 Dec 2011,L330946,S15367676,,1
1686,10424,species,White-whiskered Puffbird,Malacoptila panamensis,1,Cockscomb Basin Wildlife Sanctuary,BZ-SC,02 Dec 2011,L330946,S15367676,,1
1687,5192,species,White-bellied Emerald,Chlorestes candida,,Cockscomb Basin Wildlife Sanctuary,BZ-SC,02 Dec 2011,L330946,S15367676,,1
1688,4388,species,Green-breasted Mango,Anthracothorax prevostii,,Cockscomb Basin Wildlife Sanctuary,BZ-SC,02 Dec 2011,L330946,S15367676,,1
1689,4357,species,Brown Violetear,Colibri delphinae,1,Cockscomb Basin Wildlife Sanctuary,BZ-SC,02 Dec 2011,L330946,S15367676,,1
1690,4310,species,Stripe-throated Hermit,Phaethornis striigularis,,Cockscomb Basin Wildlife Sanctuary,BZ-SC,02 Dec 2011,L330946,S15367676,,1
1691,4227,species,White-necked Jacobin,Florisuga mellivora,,Cockscomb Basin Wildlife Sanctuary,BZ-SC,02 Dec 2011,L330946,S15367676,,1
1692,35560,species,Variable Seedeater,Sporophila corvina,,Blue Hole National Park,BZ-CY,01 Dec 2011,L2381840,S15367650,,1
1693,34800,species,Scarlet-rumped Tanager,Ramphocelus passerinii,,Blue Hole National Park,BZ-CY,01 Dec 2011,L2381840,S15367650,,1
1694,34793,species,Crimson-collared Tanager,Ramphocelus sanguinolentus,,Blue Hole National Park,BZ-CY,01 Dec 2011,L2381840,S15367650,,1
1695,34480,species,Red-throated Ant-Tanager,Driophlox fuscicauda,,Blue Hole National Park,BZ-CY,01 Dec 2011,L2381840,S15367650,,1
1696,34432,species,Summer Tanager,Piranga rubra,1,Blue Hole National Park,BZ-CY,01 Dec 2011,L2381840,S15367650,,1
1697,33956,species,Golden-winged Warbler,Vermivora chrysoptera,,Blue Hole National Park,BZ-CY,01 Dec 2011,L2381840,S15367650,,1
1698,27161,species,Nightingale Wren,Microcerculus philomela,,Blue Hole National Park,BZ-CY,01 Dec 2011,L2381840,S15367650,,1
1699,27074,species,Long-billed Gnatwren,Ramphocaenus melanurus,,Blue Hole National Park,BZ-CY,01 Dec 2011,L2381840,S15367650,,1
1700,16475,species,Yellow-olive Flatbill,Tolmomyias sulphurescens,,Blue Hole National Park,BZ-CY,01 Dec 2011,L2381840,S15367650,,1
1701,16124,species,Sulphur-rumped Flycatcher,Myiobius sulphureipygius,,Blue Hole National Park,BZ-CY,01 Dec 2011,L2381840,S15367650,,1
1702,16073,species,Rose-throated Becard,Pachyramphus aglaiae,,Blue Hole National Park,BZ-CY,01 Dec 2011,L2381840,S15367650,,1
1703,16048,species,White-winged Becard,Pachyramphus polychopterus,,Blue Hole National Park,BZ-CY,01 Dec 2011,L2381840,S15367650,,1
1704,14613,species,Olivaceous Woodcreeper,Sittasomus griseicapillus,,Blue Hole National Park,BZ-CY,01 Dec 2011,L2381840,S15367650,,1
1705,13906,species,Dusky Antbird,Cercomacroides tyrannina,,Blue Hole National Park,BZ-CY,01 Dec 2011,L2381840,S15367650,,1
1706,11455,species,Smoky-brown Woodpecker,Leuconotopicus fumigatus,,Blue Hole National Park,BZ-CY,01 Dec 2011,L2381840,S15367650,,1
1707,10499,species,Rufous-tailed Jacamar,Galbula ruficauda,1,Blue Hole National Park,BZ-CY,01 Dec 2011,L2381840,S15367650,,1
1708,9857,species,Lesson's Motmot,Momotus lessonii,,Blue Hole National Park,BZ-CY,01 Dec 2011,L2381840,S15367650,,1
1709,1999,species,Short-billed Pigeon,Patagioenas nigrirostris,2,Blue Hole National Park,BZ-CY,01 Dec 2011,L2381840,S15367650,,1
1710,1940,species,Pale-vented Pigeon,Patagioenas cayennensis,,Blue Hole National Park,BZ-CY,01 Dec 2011,L2381840,S15367650,,1
1711,35692,species,Yellow-faced Grassquit,Tiaris olivaceus,1,Mountain Pine Ridge--Big Rock Falls,BZ-CY,30 Nov 2011,L1087359,S15367631,,1
1712,35510,species,Blue-black Grassquit,Volatinia jacarina,1,Mountain Pine Ridge--Big Rock Falls,BZ-CY,30 Nov 2011,L1087359,S15367631,,1
1713,9579,species,Collared Trogon,Trogon collaris,1,Mountain Pine Ridge--Big Rock Falls,BZ-CY,30 Nov 2011,L1087359,S15367631,,1
1714,9534,species,Black-headed Trogon,Trogon melanocephalus,1,Mountain Pine Ridge--Big Rock Falls,BZ-CY,30 Nov 2011,L1087359,S15367631,,1
1715,9522,species,Slaty-tailed Trogon,Trogon massena,1,Mountain Pine Ridge--Big Rock Falls,BZ-CY,30 Nov 2011,L1087359,S15367631,,1
1716,9269,species,Stygian Owl,Asio stygius,1,Mountain Pine Ridge--Big Rock Falls,BZ-CY,30 Nov 2011,L1087359,S15367631,,1
1717,8506,species,Red-tailed Hawk,Buteo jamaicensis,1,Mountain Pine Ridge--Big Rock Falls,BZ-CY,30 Nov 2011,L1087359,S15367631,,1
1718,17368,species,Great Kiskadee,Pitangus sulphuratus,,Crystal Paradise Resort,BZ-CY,29 Nov 2011,L607774,S15367600,,1
1719,8463,species,White Hawk,Pseudastur albicollis,2,Crystal Paradise Resort,BZ-CY,29 Nov 2011,L607774,S15367600,,1
1720,16963,species,Least Flycatcher,Empidonax minimus,,El Pilar Archaeological Site,BZ-CY,29 Nov 2011,L499342,S15367578,,1
1721,4368,species,Purple-crowned Fairy,Heliothryx barroti,1,El Pilar Archaeological Site,BZ-CY,29 Nov 2011,L499342,S15367578,,1
1722,3218,species,Common Squirrel-Cuckoo,Piaya cayana,,El Pilar Archaeological Site,BZ-CY,29 Nov 2011,L499342,S15367578,,1
1723,945,species,Plain Chachalaca,Ortalis vetula,,El Pilar Archaeological Site,BZ-CY,29 Nov 2011,L499342,S15367578,,1
1724,24070,species,Mangrove Swallow,Tachycineta albilinea,3,Crooked Tree Village,BZ-BZ,28 Nov 2011,L2084266,S15367479,,1
1725,17452,species,Tropical Kingbird,Tyrannus melancholicus,,Crooked Tree Village,BZ-BZ,28 Nov 2011,L2084266,S15367479,,1
1726,14844,species,Ivory-billed Woodcreeper,Xiphorhynchus flavigaster,1,Crooked Tree Village,BZ-BZ,28 Nov 2011,L2084266,S15367479,,1
1727,13092,species,Olive-throated Parakeet,Eupsittula nana,,Crooked Tree Village,BZ-BZ,28 Nov 2011,L2084266,S15367479,,1
1728,12909,species,Red-lored Amazon,Amazona autumnalis,1,Crooked Tree Village,BZ-BZ,28 Nov 2011,L2084266,S15367479,,1
1729,10316,species,Green Kingfisher,Chloroceryle americana,1,Crooked Tree Village,BZ-BZ,28 Nov 2011,L2084266,S15367479,,1
1730,8430,species,Roadside Hawk,Rupornis magnirostris,,Crooked Tree Village,BZ-BZ,28 Nov 2011,L2084266,S15367479,,1
1731,8400,species,Black-collared Hawk,Busarellus nigricollis,,Crooked Tree Village,BZ-BZ,28 Nov 2011,L2084266,S15367479,,1
1732,7832,species,Osprey,Pandion haliaetus,,Crooked Tree Village,BZ-BZ,28 Nov 2011,L2084266,S15367479,,1
1733,7811,species,Black Vulture,Coragyps atratus,,Crooked Tree Village,BZ-BZ,28 Nov 2011,L2084266,S15367479,,1
1734,7753,species,Great Blue Heron,Ardea herodias,1,Crooked Tree Village,BZ-BZ,28 Nov 2011,L2084266,S15367479,,1
1735,7600,species,Black-crowned Night Heron,Nycticorax nycticorax,,Crooked Tree Village,BZ-BZ,28 Nov 2011,L2084266,S15367479,,1
1736,7546,species,Boat-billed Heron,Cochlearius cochlearius,,Crooked Tree Village,BZ-BZ,28 Nov 2011,L2084266,S15367479,,1
1737,7301,species,Jabiru,Jabiru mycteria,,Crooked Tree Village,BZ-BZ,28 Nov 2011,L2084266,S15367479,,1
1738,6126,species,Spotted Sandpiper,Actitis macularius,,Crooked Tree Village,BZ-BZ,28 Nov 2011,L2084266,S15367479,,1
1739,5988,species,Northern Jacana,Jacana spinosa,,Crooked Tree Village,BZ-BZ,28 Nov 2011,L2084266,S15367479,,1
1740,5671,species,Limpkin,Aramus guarauna,,Crooked Tree Village,BZ-BZ,28 Nov 2011,L2084266,S15367479,,1
1741,5111,species,Rufous-tailed Hummingbird,Amazilia tzacatl,,Crooked Tree Village,BZ-BZ,28 Nov 2011,L2084266,S15367479,,1
1742,3527,species,Common Pauraque,Nyctidromus albicollis,,Crooked Tree Village,BZ-BZ,28 Nov 2011,L2084266,S15367479,,1
1743,3027,species,Groove-billed Ani,Crotophaga sulcirostris,11,Crooked Tree Village,BZ-BZ,28 Nov 2011,L2084266,S15367479,,1
1744,2268,species,Ruddy Ground Dove,Columbina talpacoti,,Crooked Tree Village,BZ-BZ,28 Nov 2011,L2084266,S15367479,,1
1745,243,species,Black-bellied Whistling-Duck,Dendrocygna autumnalis,,Crooked Tree Village,BZ-BZ,28 Nov 2011,L2084266,S15367479,,1
1746,21222,species,Brown Jay,Cyanocorax morio,,Lamanai Maya site,BZ-OW,27 Nov 2011,L454524,S15367549,,1
1747,9157,species,Mottled Owl,Strix virgata,,Lamanai Maya site,BZ-OW,27 Nov 2011,L454524,S15367549,,1
1748,8421,species,Great Black Hawk,Buteogallus urubitinga,1,Lamanai Maya site,BZ-OW,27 Nov 2011,L454524,S15367549,,1
1749,8403,species,Snail Kite,Rostrhamus sociabilis,1,Lamanai Maya site,BZ-OW,27 Nov 2011,L454524,S15367549,,1
1750,7367,species,Anhinga,Anhinga anhinga,,Lamanai Maya site,BZ-OW,27 Nov 2011,L454524,S15367549,,1
1751,35806,species,Cinnamon-bellied Saltator,Saltator grandis,,Orange Walk,BZ-OW,26 Nov 2011,L295270,S15368874,,1
1752,35792,species,Black-headed Saltator,Saltator atriceps,,Orange Walk,BZ-OW,26 Nov 2011,L295270,S15368874,,1
1753,35546,species,Thick-billed Seed-Finch,Sporophila funerea,,Orange Walk,BZ-OW,26 Nov 2011,L295270,S15368874,,1
1754,35174,species,Red-legged Honeycreeper,Cyanerpes cyaneus,,Orange Walk,BZ-OW,26 Nov 2011,L295270,S15368874,,1
1755,34956,species,Yellow-winged Tanager,Thraupis abbas,,Orange Walk,BZ-OW,26 Nov 2011,L295270,S15368874,,1
1756,34933,species,Blue-gray Tanager,Thraupis episcopus,,Orange Walk,BZ-OW,26 Nov 2011,L295270,S15368874,,1
1757,34580,species,Blue-black Grosbeak,Cyanoloxia cyanoides,,Orange Walk,BZ-OW,26 Nov 2011,L295270,S15368874,,1
1758,34459,species,Red-crowned Ant-Tanager,Habia rubica,,Orange Walk,BZ-OW,26 Nov 2011,L295270,S15368874,,1
1759,34413,species,Hepatic Tanager,Piranga flava,1,Orange Walk,BZ-OW,26 Nov 2011,L295270,S15368874,,1
1760,34346,species,Wilson's Warbler,Cardellina pusilla,,Orange Walk,BZ-OW,26 Nov 2011,L295270,S15368874,,1
1761,34218,species,Black-throated Green Warbler,Setophaga virens,,Orange Walk,BZ-OW,26 Nov 2011,L295270,S15368874,,1
1762,34194,species,Grace's Warbler,Setophaga graciae,,Orange Walk,BZ-OW,26 Nov 2011,L295270,S15368874,,1
1763,34171,species,Yellow-throated Warbler,Setophaga dominica,,Orange Walk,BZ-OW,26 Nov 2011,L295270,S15368874,,1
1764,34159,species,Yellow-rumped Warbler,Setophaga coronata,,Orange Walk,BZ-OW,26 Nov 2011,L295270,S15368874,,1
1765,34087,species,Northern Yellow Warbler,Setophaga aestiva,,Orange Walk,BZ-OW,26 Nov 2011,L295270,S15368874,,1
1766,34079,species,Magnolia Warbler,Setophaga magnolia,,Orange Walk,BZ-OW,26 Nov 2011,L295270,S15368874,,1
1767,34063,species,Northern Parula,Setophaga americana,,Orange Walk,BZ-OW,26 Nov 2011,L295270,S15368874,,1
1768,34058,species,American Redstart,Setophaga ruticilla,,Orange Walk,BZ-OW,26 Nov 2011,L295270,S15368874,,1
1769,34057,species,Hooded Warbler,Setophaga citrina,,Orange Walk,BZ-OW,26 Nov 2011,L295270,S15368874,,1
1770,34028,species,Common Yellowthroat,Geothlypis trichas,,Orange Walk,BZ-OW,26 Nov 2011,L295270,S15368874,,1
1771,34011,species,Kentucky Warbler,Geothlypis formosa,,Orange Walk,BZ-OW,26 Nov 2011,L295270,S15368874,,1
1772,33981,species,Nashville Warbler,Leiothlypis ruficapilla,1,Orange Walk,BZ-OW,26 Nov 2011,L295270,S15368874,,1
1773,33962,species,Black-and-white Warbler,Mniotilta varia,,Orange Walk,BZ-OW,26 Nov 2011,L295270,S15368874,,1
1774,33957,species,Blue-winged Warbler,Vermivora cyanoptera,,Orange Walk,BZ-OW,26 Nov 2011,L295270,S15368874,,1
1775,33953,species,Northern Waterthrush,Parkesia noveboracensis,,Orange Walk,BZ-OW,26 Nov 2011,L295270,S15368874,,1
1776,33952,species,Louisiana Waterthrush,Parkesia motacilla,,Orange Walk,BZ-OW,26 Nov 2011,L295270,S15368874,,1
1777,33950,species,Worm-eating Warbler,Helmitheros vermivorum,,Orange Walk,BZ-OW,26 Nov 2011,L295270,S15368874,,1
1778,33843,species,Melodious Blackbird,Dives dives,,Orange Walk,BZ-OW,26 Nov 2011,L295270,S15368874,,1
1779,33770,species,Baltimore Oriole,Icterus galbula,,Orange Walk,BZ-OW,26 Nov 2011,L295270,S15368874,,1
1780,33755,species,Altamira Oriole,Icterus gularis,,Orange Walk,BZ-OW,26 Nov 2011,L295270,S15368874,,1
1781,33700,species,Yellow-tailed Oriole,Icterus mesomelas,,Orange Walk,BZ-OW,26 Nov 2011,L295270,S15368874,,1
1782,33694,species,Yellow-backed Oriole,Icterus chrysater,,Orange Walk,BZ-OW,26 Nov 2011,L295270,S15368874,,1
1783,33682,species,Hooded Oriole,Icterus cucullatus,,Orange Walk,BZ-OW,26 Nov 2011,L295270,S15368874,,1
1784,33676,species,Black-cowled Oriole,Icterus prosthemelas,,Orange Walk,BZ-OW,26 Nov 2011,L295270,S15368874,,1
1785,33632,species,Montezuma Oropendola,Psarocolius montezuma,,Orange Walk,BZ-OW,26 Nov 2011,L295270,S15368874,,1
1786,33607,species,Yellow-billed Cacique,Amblycercus holosericeus,,Orange Walk,BZ-OW,26 Nov 2011,L295270,S15368874,,1
1787,33363,species,Rusty Sparrow,Aimophila rufescens,1,Orange Walk,BZ-OW,26 Nov 2011,L295270,S15368874,,1
1788,32978,species,Green-backed Sparrow,Arremonops chloronotus,,Orange Walk,BZ-OW,26 Nov 2011,L295270,S15368874,,1
1789,32604,species,Black-headed Siskin,Spinus notatus,1,Orange Walk,BZ-OW,26 Nov 2011,L295270,S15368874,,1
1790,28767,species,Clay-colored Thrush,Turdus grayi,,Orange Walk,BZ-OW,26 Nov 2011,L295270,S15368874,,1
1791,28347,species,Wood Thrush,Hylocichla mustelina,,Orange Walk,BZ-OW,26 Nov 2011,L295270,S15368874,,1
1792,28101,species,Tropical Mockingbird,Mimus gilvus,,Orange Walk,BZ-OW,26 Nov 2011,L295270,S15368874,,1
1793,28000,species,Gray Catbird,Dumetella carolinensis,,Orange Walk,BZ-OW,26 Nov 2011,L295270,S15368874,,1
1794,27594,species,White-breasted Wood-Wren,Henicorhina leucosticta,,Orange Walk,BZ-OW,26 Nov 2011,L295270,S15368874,,1
1795,27383,species,Band-backed Wren,Campylorhynchus zonatus,,Orange Walk,BZ-OW,26 Nov 2011,L295270,S15368874,,1
1796,27123,species,Blue-gray Gnatcatcher,Polioptila caerulea,,Orange Walk,BZ-OW,26 Nov 2011,L295270,S15368874,,1
1797,24106,species,Northern Rough-winged Swallow,Stelgidopteryx serripennis,,Orange Walk,BZ-OW,26 Nov 2011,L295270,S15368874,,1
1798,21233,species,Green Jay,Cyanocorax yncas,,Orange Walk,BZ-OW,26 Nov 2011,L295270,S15368874,,1
1799,19220,species,Yellow-throated Vireo,Vireo flavifrons,,Orange Walk,BZ-OW,26 Nov 2011,L295270,S15368874,,1
1800,19165,species,White-eyed Vireo,Vireo griseus,,Orange Walk,BZ-OW,26 Nov 2011,L295270,S15368874,,1
1801,19136,species,Lesser Greenlet,Pachysylvia decurtata,,Orange Walk,BZ-OW,26 Nov 2011,L295270,S15368874,,1
1802,17494,species,Fork-tailed Flycatcher,Tyrannus savana,,Orange Walk,BZ-OW,26 Nov 2011,L295270,S15368874,,1
1803,17489,species,Scissor-tailed Flycatcher,Tyrannus forficatus,,Orange Walk,BZ-OW,26 Nov 2011,L295270,S15368874,,1
1804,17474,species,Gray Kingbird,Tyrannus dominicensis,1,Orange Walk,BZ-OW,26 Nov 2011,L295270,S15368874,,1
1805,17459,species,Couch's Kingbird,Tyrannus couchii,,Orange Walk,BZ-OW,26 Nov 2011,L295270,S15368874,,1
1806,17392,species,Social Flycatcher,Myiozetetes similis,,Orange Walk,BZ-OW,26 Nov 2011,L295270,S15368874,,1
1807,17379,species,Boat-billed Flycatcher,Megarynchus pitangua,,Orange Walk,BZ-OW,26 Nov 2011,L295270,S15368874,,1
1808,17334,species,Great Crested Flycatcher,Myiarchus crinitus,,Orange Walk,BZ-OW,26 Nov 2011,L295270,S15368874,,1
1809,17284,species,Dusky-capped Flycatcher,Myiarchus tuberculifer,,Orange Walk,BZ-OW,26 Nov 2011,L295270,S15368874,,1
1810,17029,species,Vermilion Flycatcher,Pyrocephalus rubinus,,Orange Walk,BZ-OW,26 Nov 2011,L295270,S15368874,,1
1811,16949,species,Yellow-bellied Flycatcher,Empidonax flaviventris,,Orange Walk,BZ-OW,26 Nov 2011,L295270,S15368874,,1
1812,16917,species,Northern Tropical Pewee,Contopus bogotensis,,Orange Walk,BZ-OW,26 Nov 2011,L295270,S15368874,,1
1813,16410,species,Slate-headed Tody-Flycatcher,Poecilotriccus sylvia,,Orange Walk,BZ-OW,26 Nov 2011,L295270,S15368874,,1
1814,16214,species,Ochre-bellied Flycatcher,Mionectes oleagineus,,Orange Walk,BZ-OW,26 Nov 2011,L295270,S15368874,,1
1815,16164,species,Stub-tailed Spadebill,Platyrinchus cancrominus,,Orange Walk,BZ-OW,26 Nov 2011,L295270,S15368874,,1
1816,15969,species,Masked Tityra,Tityra semifasciata,,Orange Walk,BZ-OW,26 Nov 2011,L295270,S15368874,,1
1817,13491,species,Barred Antshrike,Thamnophilus doliatus,,Orange Walk,BZ-OW,26 Nov 2011,L295270,S15368874,,1
1818,12943,species,White-fronted Amazon,Amazona albifrons,,Orange Walk,BZ-OW,26 Nov 2011,L295270,S15368874,,1
1819,12925,species,Yellow-headed Amazon,Amazona oratrix,,Orange Walk,BZ-OW,26 Nov 2011,L295270,S15368874,,1
1820,12894,species,White-crowned Parrot,Pionus senilis,,Orange Walk,BZ-OW,26 Nov 2011,L295270,S15368874,,1
1821,12096,species,Bat Falcon,Falco rufigularis,,Orange Walk,BZ-OW,26 Nov 2011,L295270,S15368874,,1
1822,12028,species,American Kestrel,Falco sparverius,,Orange Walk,BZ-OW,26 Nov 2011,L295270,S15368874,,1
1823,11754,species,Lineated Woodpecker,Dryocopus lineatus,,Orange Walk,BZ-OW,26 Nov 2011,L295270,S15368874,,1
1824,11562,species,Pale-billed Woodpecker,Campephilus guatemalensis,,Orange Walk,BZ-OW,26 Nov 2011,L295270,S15368874,,1
1825,11183,species,Golden-fronted Woodpecker,Melanerpes aurifrons,,Orange Walk,BZ-OW,26 Nov 2011,L295270,S15368874,,1
1826,11167,species,Yucatan Woodpecker,Melanerpes pygmaeus,,Orange Walk,BZ-OW,26 Nov 2011,L295270,S15368874,,1
1827,11159,species,Black-cheeked Woodpecker,Melanerpes pucherani,,Orange Walk,BZ-OW,26 Nov 2011,L295270,S15368874,,1
1828,11146,species,Acorn Woodpecker,Melanerpes formicivorus,,Orange Walk,BZ-OW,26 Nov 2011,L295270,S15368874,,1
1829,10936,species,Keel-billed Toucan,Ramphastos sulfuratus,,Orange Walk,BZ-OW,26 Nov 2011,L295270,S15368874,,1
1830,10312,species,Amazon Kingfisher,Chloroceryle amazona,,Orange Walk,BZ-OW,26 Nov 2011,L295270,S15368874,,1
1831,10306,species,Belted Kingfisher,Megaceryle alcyon,,Orange Walk,BZ-OW,26 Nov 2011,L295270,S15368874,,1
1832,9547,species,Guianan Violaceous Trogon,Trogon violaceus,1,Orange Walk,BZ-OW,26 Nov 2011,L295270,S15368874,,1
1833,8501,species,Short-tailed Hawk,Buteo brachyurus,,Orange Walk,BZ-OW,26 Nov 2011,L295270,S15368874,,1
1834,8473,species,Gray Hawk,Buteo plagiatus,,Orange Walk,BZ-OW,26 Nov 2011,L295270,S15368874,,1
1835,8449,species,White-tailed Hawk,Geranoaetus albicaudatus,,Orange Walk,BZ-OW,26 Nov 2011,L295270,S15368874,,1
1836,8025,species,Ornate Hawk-Eagle,Spizaetus ornatus,,Orange Walk,BZ-OW,26 Nov 2011,L295270,S15368874,,1
1837,8024,species,Black-and-white Hawk-Eagle,Spizaetus melanoleucus,1,Orange Walk,BZ-OW,26 Nov 2011,L295270,S15368874,,1
1838,7871,species,Gray-headed Kite,Leptodon cayanensis,,Orange Walk,BZ-OW,26 Nov 2011,L295270,S15368874,,1
1839,7843,species,White-tailed Kite,Elanus leucurus,,Orange Walk,BZ-OW,26 Nov 2011,L295270,S15368874,,1
1840,7823,species,Lesser Yellow-headed Vulture,Cathartes burrovianus,,Orange Walk,BZ-OW,26 Nov 2011,L295270,S15368874,,1
1841,7815,species,Turkey Vulture,Cathartes aura,,Orange Walk,BZ-OW,26 Nov 2011,L295270,S15368874,,1
1842,7809,species,King Vulture,Sarcoramphus papa,,Orange Walk,BZ-OW,26 Nov 2011,L295270,S15368874,,1
1843,7704,species,Green Heron,Butorides virescens,,Orange Walk,BZ-OW,26 Nov 2011,L295270,S15368874,,1
1844,7629,species,Little Blue Heron,Egretta caerulea,,Orange Walk,BZ-OW,26 Nov 2011,L295270,S15368874,,1
1845,7533,species,Roseate Spoonbill,Platalea ajaja,,Orange Walk,BZ-OW,26 Nov 2011,L295270,S15368874,,1
1846,7462,species,White Ibis,Eudocimus albus,,Orange Walk,BZ-OW,26 Nov 2011,L295270,S15368874,,1
1847,7306,species,Wood Stork,Mycteria americana,,Orange Walk,BZ-OW,26 Nov 2011,L295270,S15368874,,1
1848,6855,species,Pied-billed Grebe,Podilymbus podiceps,,Orange Walk,BZ-OW,26 Nov 2011,L295270,S15368874,,1
1849,6226,species,Least Sandpiper,Calidris minutilla,,Orange Walk,BZ-OW,26 Nov 2011,L295270,S15368874,,1
1850,5827,species,Killdeer,Charadrius vociferus,,Orange Walk,BZ-OW,26 Nov 2011,L295270,S15368874,,1
1851,5515,species,Purple Gallinule,Porphyrio martinica,,Orange Walk,BZ-OW,26 Nov 2011,L295270,S15368874,,1
1852,5500,species,American Coot,Fulica americana,,Orange Walk,BZ-OW,26 Nov 2011,L295270,S15368874,,1
1853,5440,species,Russet-naped Wood-Rail,Aramides albiventris,,Orange Walk,BZ-OW,26 Nov 2011,L295270,S15368874,,1
1854,5100,species,Cinnamon Hummingbird,Amazilia rutila,,Orange Walk,BZ-OW,26 Nov 2011,L295270,S15368874,,1
1855,4926,species,Wedge-tailed Sabrewing,Pampa curvipennis,,Orange Walk,BZ-OW,26 Nov 2011,L295270,S15368874,,1
1856,4303,species,Little Hermit,Phaethornis longuemareus,1,Orange Walk,BZ-OW,26 Nov 2011,L295270,S15368874,,1
1857,3241,species,Mangrove Cuckoo,Coccyzus minor,1,Orange Walk,BZ-OW,26 Nov 2011,L295270,S15368874,,1
1858,2389,species,White-winged Dove,Zenaida asiatica,,Orange Walk,BZ-OW,26 Nov 2011,L295270,S15368874,,1
1859,2263,species,Plain-breasted Ground Dove,Columbina minuta,,Orange Walk,BZ-OW,26 Nov 2011,L295270,S15368874,,1
1860,1957,species,Red-billed Pigeon,Patagioenas flavirostris,,Orange Walk,BZ-OW,26 Nov 2011,L295270,S15368874,,1
1861,33124,species,Dark-eyed Junco,Junco hyemalis,,Ottawa--Rideau Forest,CA-ON,26 Oct 2011,L2381380,S15665757,,1
1862,4802,species,Ruby-throated Hummingbird,Archilochus colubris,,Ottawa--Rideau Forest,CA-ON,21 Aug 2011,L2381380,S15665468,,1
1863,34515,species,Northern Cardinal,Cardinalis cardinalis,,Ottawa--Rideau Forest,CA-ON,19 Aug 2011,L2381380,S15665404,,1
1864,32990,species,Chipping Sparrow,Spizella passerina,,Ottawa--Rideau Forest,CA-ON,19 Aug 2011,L2381380,S15665404,,1
1865,22065,species,Black-capped Chickadee,Poecile atricapillus,,Ottawa--Rideau Forest,CA-ON,19 Aug 2011,L2381380,S15665404,,1
1866,21294,species,Blue Jay,Cyanocitta cristata,,Ottawa--Rideau Forest,CA-ON,19 Aug 2011,L2381380,S15665404,,1
1867,34133,species,Chestnut-sided Warbler,Setophaga pensylvanica,1,Ottawa--Rideau Forest,CA-ON,18 Aug 2011,L2381380,S15665385,,1
1868,8278,species,Cooper's Hawk,Astur cooperii,1,Ottawa--Rideau Forest,CA-ON,12 Apr 2010,L2381380,S15665321,,1
1869,35236,species,Bicolored Conebill,Conirostrum bicolor,1,Via Parque Isla de Salamanca--Lagunas Costeras,CO-MAG,29 Dec 2009,L1051521,S103525654,,1
1870,11966,species,Yellow-headed Caracara,Daptrius chimachima,1,Via Parque Isla de Salamanca--Lagunas Costeras,CO-MAG,29 Dec 2009,L1051521,S103525654,,1
1871,10301,species,Ringed Kingfisher,Megaceryle torquata,1,Via Parque Isla de Salamanca--Lagunas Costeras,CO-MAG,29 Dec 2009,L1051521,S103525654,,1
1872,8411,species,Common Black Hawk,Buteogallus anthracinus,1,Via Parque Isla de Salamanca--Lagunas Costeras,CO-MAG,29 Dec 2009,L1051521,S103525654,,1
1873,7762,species,Cocoi Heron,Ardea cocoi,1,Via Parque Isla de Salamanca--Lagunas Costeras,CO-MAG,29 Dec 2009,L1051521,S103525654,,1
1874,7669,species,Striated Heron,Butorides striata,1,Via Parque Isla de Salamanca--Lagunas Costeras,CO-MAG,29 Dec 2009,L1051521,S103525654,,1
1875,7540,species,Bare-throated Tiger-Heron,Tigrisoma mexicanum,1,Via Parque Isla de Salamanca--Lagunas Costeras,CO-MAG,29 Dec 2009,L1051521,S103525654,,1
1876,7431,species,Neotropic Cormorant,Nannopterum brasilianum,4,Via Parque Isla de Salamanca--Lagunas Costeras,CO-MAG,29 Dec 2009,L1051521,S103525654,,1
1877,6789,species,Royal Tern,Thalasseus maximus,50,Via Parque Isla de Salamanca--Lagunas Costeras,CO-MAG,29 Dec 2009,L1051521,S103525654,,1
1878,6161,species,Ruddy Turnstone,Arenaria interpres,4,Via Parque Isla de Salamanca--Lagunas Costeras,CO-MAG,29 Dec 2009,L1051521,S103525654,,1
1879,6147,species,Willet,Tringa semipalmata,2,Via Parque Isla de Salamanca--Lagunas Costeras,CO-MAG,29 Dec 2009,L1051521,S103525654,,1
1880,5928,species,Wilson's Plover,Anarhynchus wilsonia,1,Via Parque Isla de Salamanca--Lagunas Costeras,CO-MAG,29 Dec 2009,L1051521,S103525654,,1
1881,5834,species,Semipalmated Plover,Charadrius semipalmatus,2,Via Parque Isla de Salamanca--Lagunas Costeras,CO-MAG,29 Dec 2009,L1051521,S103525654,,1
1882,485,species,Blue-winged Teal,Spatula discors,10,Via Parque Isla de Salamanca--Lagunas Costeras,CO-MAG,29 Dec 2009,L1051521,S103525654,,1
1883,24116,species,Southern Rough-winged Swallow,Stelgidopteryx ruficollis,1,Minca (y alrededores/general area),CO-MAG,28 Dec 2009,L1161669,S103523030,,1
1884,10885,species,Collared Aracari,Pteroglossus torquatus,1,Minca (y alrededores/general area),CO-MAG,28 Dec 2009,L1161669,S103523030,,1
1885,33864,species,Great-tailed Grackle,Quiscalus mexicanus,,PNN Tayrona--Arrecifes,CO-MAG,27 Dec 2009,L5239031,S103510896,,1
1886,17361,species,Cattle Tyrant,Machetornis rixosa,1,PNN Tayrona--Arrecifes,CO-MAG,27 Dec 2009,L5239031,S103510896,,1
1887,7729,species,Great Egret,Ardea alba,,PNN Tayrona--Arrecifes,CO-MAG,27 Dec 2009,L5239031,S103510896,,1
1888,7645,species,Snowy Egret,Egretta thula,1,Sand point - Playa Salguero,CO-MAG,27 Dec 2009,L17888609,S103520459,,1
1889,7634,species,Reddish Egret,Egretta rufescens,2,Sand point - Playa Salguero,CO-MAG,27 Dec 2009,L17888609,S103520459,,1
1890,7630,species,Tricolored Heron,Egretta tricolor,1,Sand point - Playa Salguero,CO-MAG,27 Dec 2009,L17888609,S103520459,,1
1891,7591,species,Yellow-crowned Night Heron,Nyctanassa violacea,1,Sand point - Playa Salguero,CO-MAG,27 Dec 2009,L17888609,S103520459,,1
1892,6154,species,Greater Yellowlegs,Tringa melanoleuca,,Sand point - Playa Salguero,CO-MAG,27 Dec 2009,L17888609,S103520459,,1
1893,5770,species,Black-necked Stilt,Himantopus mexicanus,1,Sand point - Playa Salguero,CO-MAG,27 Dec 2009,L17888609,S103520459,,1
1894,21578,species,Hooded Crow,Corvus cornix,1,Colosseo (Colosseum or Coliseum),IT-62,05 Jul 2009,L1107525,S80123785,,1
1895,8033,species,Martial Eagle,Polemaetus bellicosus,1,Lüderitz (town),NA-KA,20 Jun 2007,L1488282,S102155147,,1
1896,6811,species,Greater Flamingo,Phoenicopterus roseus,,Lüderitz (town),NA-KA,20 Jun 2007,L1488282,S102155147,,1
1897,6792,species,Great Crested Tern,Thalasseus bergii,2,Lüderitz (town),NA-KA,20 Jun 2007,L1488282,S102155147,,1
1898,5802,species,African Oystercatcher,Haematopus moquini,1,Lüderitz (town),NA-KA,20 Jun 2007,L1488282,S102155147,,1
1899,22423,species,Gray-backed Sparrow-Lark,Eremopterix verticalis,2,Sossusvlei,NA-HA,18 Jun 2007,L2303177,S102166427,,1
1900,12052,species,Red-necked Falcon,Falco chicquera,1,Sossusvlei,NA-HA,18 Jun 2007,L2303177,S102166427,,1
1901,7396,species,Cape Cormorant,Phalacrocorax capensis,,Walvis Bay Nearshore Waters (boat trips),NA-ER,16 Jun 2007,L9949511,S102204050,,1
1902,6718,species,Caspian Tern,Hydroprogne caspia,1,Walvis Bay Nearshore Waters (boat trips),NA-ER,16 Jun 2007,L9949511,S102204050,,1
1903,6533,species,Kelp Gull,Larus dominicanus,1,Walvis Bay Nearshore Waters (boat trips),NA-ER,16 Jun 2007,L9949511,S102204050,,1
1904,32762,species,Cape Bunting,Emberiza capensis,1,Erongo Lodge,NA-ER,12 Jun 2007,L17656026,S102100868,,1
1905,19833,species,White-tailed Shrike,Lanioturdus torquatus,1,Erongo Lodge,NA-ER,12 Jun 2007,L17656026,S102100868,,1
1906,12744,species,Rosy-faced Lovebird,Agapornis roseicollis,5,Erongo Lodge,NA-ER,12 Jun 2007,L17656026,S102100868,,1
1907,12009,species,Rock Kestrel,Falco rupicolus,1,Erongo Lodge,NA-ER,12 Jun 2007,L17656026,S102100868,,1
1908,9664,species,African Gray Hornbill,Lophoceros nasutus,1,Erongo Lodge,NA-ER,12 Jun 2007,L17656026,S102100868,,1
1909,1876,species,Speckled Pigeon,Columba guinea,1,Erongo Lodge,NA-ER,12 Jun 2007,L17656026,S102100868,,1
1910,29773,species,Mountain Chat,Myrmecocichla monticola,1,Twyfelfontein Country Lodge,NA-KU,09 Jun 2007,L3058658,S102176353,,1
1911,27907,species,Pale-winged Starling,Onychognathus nabouroup,1,Twyfelfontein Country Lodge,NA-KU,09 Jun 2007,L3058658,S102176353,,1
1912,8966,species,Verreaux's Eagle-Owl,Ketupa lactea,1,Etosha National Park,NA-OT,04 Jun 2007,L2428142,S102122144,,1
1913,32775,species,Lark-like Bunting,Emberiza impetuani,1,Etosha National Park,NA-OT,04 Jun 2007,L2428142,S102122621,,1
1914,31593,species,Southern Gray-headed Sparrow,Passer diffusus,,Etosha National Park,NA-OT,04 Jun 2007,L2428142,S102122621,,1
1915,31582,species,Cape Sparrow,Passer melanurus,1,Etosha National Park,NA-OT,04 Jun 2007,L2428142,S102122621,,1
1916,31575,species,Great Rufous Sparrow,Passer motitensis,1,Etosha National Park,NA-OT,04 Jun 2007,L2428142,S102122621,,1
1917,31358,species,Violet-eared Waxbill,Granatina granatina,8,Etosha National Park,NA-OT,04 Jun 2007,L2428142,S102122621,,1
1918,31344,species,Red-headed Finch,Amadina erythrocephala,5,Etosha National Park,NA-OT,04 Jun 2007,L2428142,S102122621,,1
1919,30923,species,Red-billed Quelea,Quelea quelea,,Etosha National Park,NA-OT,04 Jun 2007,L2428142,S102122621,,1
1920,30393,species,Marico Sunbird,Cinnyris mariquensis,1,Etosha National Park,NA-OT,04 Jun 2007,L2428142,S102122621,,1
1921,21616,species,Pied Crow,Corvus albus,1,Etosha National Park,NA-OT,04 Jun 2007,L2428142,S102122621,,1
1922,12024,species,Greater Kestrel,Falco rupicoloides,1,Etosha National Park,NA-OT,04 Jun 2007,L2428142,S102122621,,1
1923,9604,species,Common Hoopoe,Upupa epops,1,Etosha National Park,NA-OT,04 Jun 2007,L2428142,S102122621,,1
1924,8932,species,Spotted Eagle-Owl,Bubo africanus,1,Etosha National Park,NA-OT,04 Jun 2007,L2428142,S102122621,,1
1925,8164,species,Shikra,Tachyspiza badia,1,Etosha National Park,NA-OT,04 Jun 2007,L2428142,S102122621,,1
1926,5714,species,Blue Crane,Grus paradiseus,1,Etosha National Park,NA-OT,04 Jun 2007,L2428142,S102122621,,1
1927,2954,species,White-quilled Bustard,Afrotis afraoides,3,Etosha National Park,NA-OT,04 Jun 2007,L2428142,S102122621,,1
1928,2907,species,Burchell's Sandgrouse,Pterocles burchelli,1,Etosha National Park,NA-OT,04 Jun 2007,L2428142,S102122621,,1
1929,2867,species,Namaqua Sandgrouse,Pterocles namaqua,40,Etosha National Park,NA-OT,04 Jun 2007,L2428142,S102122621,,1
1930,423,species,South African Shelduck,Tadorna cana,2,Etosha National Park,NA-OT,04 Jun 2007,L2428142,S102122621,,1
1931,28425,species,Groundscraper Thrush,Turdus litsitsirupa,1,Waterberg Resort (NWR),NA-OD,02 Jun 2007,L1070078,S102205418,,1
1932,31383,species,Green-winged Pytilia,Pytilia melba,1,Okonjima Nature Reserve,NA-OD,01 Jun 2007,L2439691,S102159093,,1
1933,30821,species,Southern Masked-Weaver,Ploceus velatus,,Okonjima Nature Reserve,NA-OD,01 Jun 2007,L2439691,S102159093,,1
1934,30715,species,Scaly Weaver,Sporopipes squamifrons,30,Okonjima Nature Reserve,NA-OD,01 Jun 2007,L2439691,S102159093,,1
1935,29640,species,Short-toed Rock-Thrush,Monticola brevipes,1,Okonjima Nature Reserve,NA-OD,01 Jun 2007,L2439691,S102159093,,1
1936,27988,species,Cape Starling,Lamprotornis nitens,1,Okonjima Nature Reserve,NA-OD,01 Jun 2007,L2439691,S102159093,,1
1937,24782,species,Black-fronted Bulbul,Pycnonotus nigricans,2,Okonjima Nature Reserve,NA-OD,01 Jun 2007,L2439691,S102159093,,1
1938,23017,species,Green-backed Camaroptera,Camaroptera brachyura,1,Okonjima Nature Reserve,NA-OD,01 Jun 2007,L2439691,S102159093,,1
1939,20133,species,Crimson-breasted Gonolek,Laniarius atrococcineus,1,Okonjima Nature Reserve,NA-OD,01 Jun 2007,L2439691,S102159093,,1
1940,10632,species,Pied Barbet,Tricholaema leucomelas,1,Okonjima Nature Reserve,NA-OD,01 Jun 2007,L2439691,S102159093,,1
1941,9672,species,Southern Yellow-billed Hornbill,Tockus leucomelas,1,Okonjima Nature Reserve,NA-OD,01 Jun 2007,L2439691,S102159093,,1
1942,8111,species,Pale Chanting-Goshawk,Melierax canorus,1,Okonjima Nature Reserve,NA-OD,01 Jun 2007,L2439691,S102159093,,1
1943,2970,species,Gray Go-away-bird,Crinifer concolor,1,Okonjima Nature Reserve,NA-OD,01 Jun 2007,L2439691,S102159093,,1
1944,2051,species,Ring-necked Dove,Streptopelia capicola,1,Okonjima Nature Reserve,NA-OD,01 Jun 2007,L2439691,S102159093,,1
1945,30709,species,White-headed Buffalo-Weaver,Dinemellia dinemelli,1,Tarangire NP,TZ-26,16 Aug 2005,L1044008,S15379289,,1
1946,27957,species,Ashy Starling,Lamprotornis unicolor,1,Tarangire NP,TZ-26,16 Aug 2005,L1044008,S15379289,,1
1947,21167,species,White-rumped Shrike,Eurocephalus ruppelli,1,Tarangire NP,TZ-26,16 Aug 2005,L1044008,S15379289,,1
1948,12750,species,Yellow-collared Lovebird,Agapornis personatus,,Tarangire NP,TZ-26,16 Aug 2005,L1044008,S15379289,,1
1949,9655,species,Southern Ground-Hornbill,Bucorvus leadbeateri,4,Tarangire NP,TZ-26,16 Aug 2005,L1044008,S15379289,,1
1950,8538,species,Augur Buzzard,Buteo augur,1,Tarangire NP,TZ-26,16 Aug 2005,L1044008,S15379289,,1
1951,8134,species,Little Sparrowhawk,Tachyspiza minulla,1,Tarangire NP,TZ-26,16 Aug 2005,L1044008,S15379289,,1
1952,7996,species,Brown Snake-Eagle,Circaetus cinereus,1,Tarangire NP,TZ-26,16 Aug 2005,L1044008,S15379289,,1
1953,7985,species,Bateleur,Terathopius ecaudatus,1,Tarangire NP,TZ-26,16 Aug 2005,L1044008,S15379289,,1
1954,7938,species,White-backed Vulture,Gyps africanus,2,Tarangire NP,TZ-26,16 Aug 2005,L1044008,S15379289,,1
1955,3111,species,White-browed Coucal,Centropus superciliosus,1,Tarangire NP,TZ-26,16 Aug 2005,L1044008,S15379289,,1
1956,2978,species,White-bellied Go-away-bird,Crinifer leucogaster,1,Tarangire NP,TZ-26,16 Aug 2005,L1044008,S15379289,,1
1957,2159,species,Namaqua Dove,Oena capensis,1,Tarangire NP,TZ-26,16 Aug 2005,L1044008,S15379289,,1
1958,1839,species,Yellow-necked Spurfowl,Pternistis leucoscepus,,Tarangire NP,TZ-26,16 Aug 2005,L1044008,S15379289,,1
1959,1632,species,Crested Francolin,Ortygornis sephaena,1,Tarangire NP,TZ-26,16 Aug 2005,L1044008,S15379289,,1
1960,22775,species,Red-capped Lark,Calandrella cinerea,1,Ngorongoro Conservation Area--Ngorongoro Crater,TZ-01,15 Aug 2005,L951508,S15379258,,1
1961,7779,species,Black-headed Heron,Ardea melanocephala,,Ngorongoro Conservation Area--Ngorongoro Crater,TZ-01,15 Aug 2005,L951508,S15379258,,1
1962,6219,species,Little Stint,Calidris minuta,1,Ngorongoro Conservation Area--Ngorongoro Crater,TZ-01,15 Aug 2005,L951508,S15379258,,1
1963,5938,species,Kittlitz's Plover,Anarhynchus pecuarius,2,Ngorongoro Conservation Area--Ngorongoro Crater,TZ-01,15 Aug 2005,L951508,S15379258,,1
1964,5777,species,Pied Avocet,Recurvirostra avosetta,,Ngorongoro Conservation Area--Ngorongoro Crater,TZ-01,15 Aug 2005,L951508,S15379258,,1
1965,5763,species,Black-winged Stilt,Himantopus himantopus,,Ngorongoro Conservation Area--Ngorongoro Crater,TZ-01,15 Aug 2005,L951508,S15379258,,1
1966,5690,species,Gray Crowned-Crane,Balearica regulorum,4,Ngorongoro Conservation Area--Ngorongoro Crater,TZ-01,15 Aug 2005,L951508,S15379258,,1
1967,2918,species,Kori Bustard,Ardeotis kori,1,Ngorongoro Conservation Area--Ngorongoro Crater,TZ-01,15 Aug 2005,L951508,S15379258,,1
1968,591,species,Red-billed Duck,Anas erythrorhyncha,3,Ngorongoro Conservation Area--Ngorongoro Crater,TZ-01,15 Aug 2005,L951508,S15379258,,1
1969,584,species,Cape Teal,Anas capensis,1,Ngorongoro Conservation Area--Ngorongoro Crater,TZ-01,15 Aug 2005,L951508,S15379258,,1
1970,480,species,Blue-billed Teal,Spatula hottentota,2,Ngorongoro Conservation Area--Ngorongoro Crater,TZ-01,15 Aug 2005,L951508,S15379258,,1
1971,31935,species,Yellow-throated Longclaw,Macronyx croceus,1,Serengeti NP--Seronera,TZ-13,12 Aug 2005,L1327024,S15379241,,1
1972,31362,species,Red-cheeked Cordonbleu,Uraeginthus bengalus,1,Serengeti NP--Seronera,TZ-13,12 Aug 2005,L1327024,S15379241,,1
1973,30712,species,Speckle-fronted Weaver,Sporopipes frontalis,1,Serengeti NP--Seronera,TZ-13,12 Aug 2005,L1327024,S15379241,,1
1974,30706,species,Red-billed Buffalo-Weaver,Bubalornis niger,1,Serengeti NP--Seronera,TZ-13,12 Aug 2005,L1327024,S15379241,,1
1975,27965,species,Superb Starling,Lamprotornis superbus,1,Serengeti NP--Seronera,TZ-13,12 Aug 2005,L1327024,S15379241,,1
1976,27949,species,Rüppell's Starling,Lamprotornis purpuroptera,1,Serengeti NP--Seronera,TZ-13,12 Aug 2005,L1327024,S15379241,,1
1977,27946,species,Hildebrandt's Starling,Lamprotornis hildebrandti,1,Serengeti NP--Seronera,TZ-13,12 Aug 2005,L1327024,S15379241,,1
1978,27828,species,Wattled Starling,Creatophora cinerea,6,Serengeti NP--Seronera,TZ-13,12 Aug 2005,L1327024,S15379241,,1
1979,27681,species,Yellow-billed Oxpecker,Buphagus africanus,,Serengeti NP--Seronera,TZ-13,12 Aug 2005,L1327024,S15379241,,1
1980,22558,species,Rufous-naped Lark,Corypha africana,1,Serengeti NP--Seronera,TZ-13,12 Aug 2005,L1327024,S15379241,,1
1981,21134,species,Gray-backed Fiscal,Lanius excubitoroides,1,Serengeti NP--Seronera,TZ-13,12 Aug 2005,L1327024,S15379241,,1
1982,21037,species,Magpie Shrike,Urolestes melanoleucus,1,Serengeti NP--Seronera,TZ-13,12 Aug 2005,L1327024,S15379241,,1
1983,11978,species,Pygmy Falcon,Polihierax semitorquatus,1,Serengeti NP--Seronera,TZ-13,12 Aug 2005,L1327024,S15379241,,1
1984,9676,species,Von der Decken's Hornbill,Tockus deckeni,1,Serengeti NP--Seronera,TZ-13,12 Aug 2005,L1327024,S15379241,,1
1985,7935,species,Hooded Vulture,Necrosyrtes monachus,1,Serengeti NP--Seronera,TZ-13,12 Aug 2005,L1327024,S15379241,,1
1986,7931,species,Lappet-faced Vulture,Torgos tracheliotos,2,Serengeti NP--Seronera,TZ-13,12 Aug 2005,L1327024,S15379241,,1
1987,7830,species,Secretarybird,Sagittarius serpentarius,,Serengeti NP--Seronera,TZ-13,12 Aug 2005,L1327024,S15379241,,1
1988,5873,species,Crowned Lapwing,Vanellus coronatus,1,Serengeti NP--Seronera,TZ-13,12 Aug 2005,L1327024,S15379241,,1
1989,1841,species,Red-necked Spurfowl,Pternistis afer,1,Serengeti NP--Seronera,TZ-13,12 Aug 2005,L1327024,S15379241,,1
1990,1660,species,Coqui Francolin,Campocolinus coqui,1,Serengeti NP--Seronera,TZ-13,12 Aug 2005,L1327024,S15379241,,1
1991,2,species,Common Ostrich,Struthio camelus,1,Serengeti NP--Seronera,TZ-13,12 Aug 2005,L1327024,S15379241,,1
1992,31717,species,African Pied Wagtail,Motacilla aguimp,,Lake Eyasi,TZ-01,10 Aug 2005,L2082292,S15379188,,1
1993,5845,species,Three-banded Plover,Thinornis tricollaris,,Lake Eyasi,TZ-01,10 Aug 2005,L2082292,S15379188,,1
1994,29757,species,Mocking Cliff-Chat,Thamnolaea cinnamomeiventris,1,Lake Manyara NP (Arusha),TZ-01,09 Aug 2005,L1033409,S15379179,,1
1995,28852,species,African Gray Flycatcher,Bradornis microrhynchus,1,Lake Manyara NP (Arusha),TZ-01,09 Aug 2005,L1033409,S15379179,,1
1996,21138,species,Long-tailed Fiscal,Lanius cabanisi,1,Lake Manyara NP (Arusha),TZ-01,09 Aug 2005,L1033409,S15379179,,1
1997,20415,species,Fork-tailed Drongo,Dicrurus adsimilis,1,Lake Manyara NP (Arusha),TZ-01,09 Aug 2005,L1033409,S15379179,,1
1998,10538,species,Red-and-yellow Barbet,Trachyphonus erythrocephalus,,Lake Manyara NP (Arusha),TZ-01,09 Aug 2005,L1033409,S15379179,,1
1999,10332,species,Lilac-breasted Roller,Coracias caudatus,1,Lake Manyara NP (Arusha),TZ-01,09 Aug 2005,L1033409,S15379179,,1
2000,10083,species,Gray-headed Kingfisher,Halcyon leucocephala,,Lake Manyara NP (Arusha),TZ-01,09 Aug 2005,L1033409,S15379179,,1
2001,9794,species,Cinnamon-chested Bee-eater,Merops oreobates,,Lake Manyara NP (Arusha),TZ-01,09 Aug 2005,L1033409,S15379179,,1
2002,9783,species,Little Bee-eater,Merops pusillus,1,Lake Manyara NP (Arusha),TZ-01,09 Aug 2005,L1033409,S15379179,,1
2003,9698,species,Silvery-cheeked Hornbill,Bycanistes brevis,1,Lake Manyara NP (Arusha),TZ-01,09 Aug 2005,L1033409,S15379179,,1
2004,7854,species,African Harrier-Hawk,Polyboroides typus,1,Lake Manyara NP (Arusha),TZ-01,09 Aug 2005,L1033409,S15379179,,1
2005,7800,species,Great White Pelican,Pelecanus onocrotalus,1,Lake Manyara NP (Arusha),TZ-01,09 Aug 2005,L1033409,S15379179,,1
2006,7785,species,Hamerkop,Scopus umbretta,1,Lake Manyara NP (Arusha),TZ-01,09 Aug 2005,L1033409,S15379179,,1
2007,7780,species,Goliath Heron,Ardea goliath,1,Lake Manyara NP (Arusha),TZ-01,09 Aug 2005,L1033409,S15379179,,1
2008,7714,species,Squacco Heron,Ardeola ralloides,1,Lake Manyara NP (Arusha),TZ-01,09 Aug 2005,L1033409,S15379179,,1
2009,7650,species,Little Egret,Egretta garzetta,1,Lake Manyara NP (Arusha),TZ-01,09 Aug 2005,L1033409,S15379179,,1
2010,7491,species,African Sacred Ibis,Threskiornis aethiopicus,2,Lake Manyara NP (Arusha),TZ-01,09 Aug 2005,L1033409,S15379179,,1
2011,7467,species,Glossy Ibis,Plegadis falcinellus,,Lake Manyara NP (Arusha),TZ-01,09 Aug 2005,L1033409,S15379179,,1
2012,7303,species,Marabou Stork,Leptoptilos crumenifer,1,Lake Manyara NP (Arusha),TZ-01,09 Aug 2005,L1033409,S15379179,,1
2013,6152,species,Common Greenshank,Tringa nebularia,2,Lake Manyara NP (Arusha),TZ-01,09 Aug 2005,L1033409,S15379179,,1
2014,5861,species,Spur-winged Lapwing,Vanellus spinosus,1,Lake Manyara NP (Arusha),TZ-01,09 Aug 2005,L1033409,S15379179,,1
2015,5860,species,Blacksmith Lapwing,Vanellus armatus,1,Lake Manyara NP (Arusha),TZ-01,09 Aug 2005,L1033409,S15379179,,1
2016,1825,species,Hildebrandt's Spurfowl,Pternistis hildebrandti,2,Lake Manyara NP (Arusha),TZ-01,09 Aug 2005,L1033409,S15379179,,1
2017,977,species,Helmeted Guineafowl,Numida meleagris,8,Lake Manyara NP (Arusha),TZ-01,09 Aug 2005,L1033409,S15379179,,1
2018,417,species,Egyptian Goose,Alopochen aegyptiaca,5,Lake Manyara NP (Arusha),TZ-01,09 Aug 2005,L1033409,S15379179,,1
2019,35188,species,Green Honeycreeper,Chlorophanes spiza,1,Hotel Tinalandia,EC-SD,10 Jul 2004,L489494,S102090106,,1
2020,35152,species,Blue Dacnis,Dacnis cayana,1,Hotel Tinalandia,EC-SD,10 Jul 2004,L489494,S102090106,,1
2021,35130,species,Silver-throated Tanager,Tangara icterocephala,1,Hotel Tinalandia,EC-SD,10 Jul 2004,L489494,S102090106,,1
2022,34400,species,Dusky-faced Tanager,Mitrospingus cassinii,1,Hotel Tinalandia,EC-SD,10 Jul 2004,L489494,S102090106,,1
2023,32052,species,Orange-bellied Euphonia,Euphonia xanthogaster,1,Hotel Tinalandia,EC-SD,10 Jul 2004,L489494,S102090106,,1
2024,10790,species,Orange-fronted Barbet,Capito squamatus,1,Hotel Tinalandia,EC-SD,10 Jul 2004,L489494,S102090106,,1
2025,7724,species,Western Cattle-Egret,Ardea ibis,3,Hotel Tinalandia,EC-SD,10 Jul 2004,L489494,S102090106,,1
2026,468,species,Torrent Duck,Merganetta armata,1,Hotel Tinalandia,EC-SD,10 Jul 2004,L489494,S102090106,,1
2027,8633,species,American Barn Owl,Tyto furcata,1,Santa Cruz--Área general (por favor usar un hotspot más específico),EC-W,08 Jul 2004,L471636,S15379722,,1
2028,2397,species,Galapagos Dove,Zenaida galapagoensis,,Santa Cruz--Área general (por favor usar un hotspot más específico),EC-W,08 Jul 2004,L471636,S15379722,,1
2029,7792,species,Brown Pelican,Pelecanus occidentalis,,Seymour norte (senderos y alrededores),EC-W,07 Jul 2004,L471674,S15379667,,1
2030,7315,species,Magnificent Frigatebird,Fregata magnificens,,Seymour norte (senderos y alrededores),EC-W,07 Jul 2004,L471674,S15379667,,1
2031,8505,species,Galapagos Hawk,Buteo galapagoensis,1,Española--Bahía Gardner,EC-W,06 Jul 2004,L471682,S102080263,,1
2032,7670,species,Lava Heron,Butorides sundevalli,1,Española--Bahía Gardner,EC-W,06 Jul 2004,L471682,S102080263,,1
2033,7358,species,Blue-footed Booby,Sula nebouxii,,Española--Bahía Gardner,EC-W,06 Jul 2004,L471682,S102080263,,1
2034,7355,species,Nazca Booby,Sula granti,,Española--Bahía Gardner,EC-W,06 Jul 2004,L471682,S102080263,,1
2035,6986,species,Waved Albatross,Phoebastria irrorata,,Española--Bahía Gardner,EC-W,06 Jul 2004,L471682,S102080263,,1
2036,6446,species,Swallow-tailed Gull,Creagrus furcatus,1,Española--Bahía Gardner,EC-W,06 Jul 2004,L471682,S102080263,,1
2037,6958,species,Galapagos Penguin,Spheniscus mendiculus,1,Isla Floreana--Área general (por favor usar un hotspot más específico),EC-W,05 Jul 2004,L1122775,S102079720,,1
2038,35775,species,Medium Ground-Finch,Geospiza fortis,1,Santa Cruz Island,EC-W,04 Jul 2004,L17651666,S102077299,,1
2039,28085,species,Galapagos Mockingbird,Mimus parvulus,1,Santa Cruz Island,EC-W,04 Jul 2004,L17651666,S102077299,,1
2040,28661,species,Glossy-black Thrush,Turdus serranus,1,Tandayapa-Bellavista general area (*HISTORICAL DATA ONLY; please use a more specific location for current checklists),EC-P,02 Jul 2004,L5130044,S102099845,,1
2041,21210,species,Turquoise Jay,Cyanolyca turcosa,1,Tandayapa-Bellavista general area (*HISTORICAL DATA ONLY; please use a more specific location for current checklists),EC-P,02 Jul 2004,L5130044,S102099845,,1
2042,12874,species,Red-billed Parrot,Pionus sordidus,1,Tandayapa-Bellavista general area (*HISTORICAL DATA ONLY; please use a more specific location for current checklists),EC-P,02 Jul 2004,L5130044,S102099845,,1
2043,10874,species,Plate-billed Mountain-Toucan,Andigena laminirostris,1,Tandayapa-Bellavista general area (*HISTORICAL DATA ONLY; please use a more specific location for current checklists),EC-P,02 Jul 2004,L5130044,S102099845,,1
2044,9592,species,Masked Trogon,Trogon personatus,1,Tandayapa-Bellavista general area (*HISTORICAL DATA ONLY; please use a more specific location for current checklists),EC-P,02 Jul 2004,L5130044,S102099845,,1
2045,4795,species,Purple-throated Woodstar,Philodice mitchellii,1,Tandayapa-Bellavista general area (*HISTORICAL DATA ONLY; please use a more specific location for current checklists),EC-P,02 Jul 2004,L5130044,S102099845,,1
2046,4678,species,White-booted Racket-tail,Ocreatus underwoodii,,Tandayapa-Bellavista general area (*HISTORICAL DATA ONLY; please use a more specific location for current checklists),EC-P,02 Jul 2004,L5130044,S102099845,,1
2047,4672,species,Buff-tailed Coronet,Boissonneaua flavescens,,Tandayapa-Bellavista general area (*HISTORICAL DATA ONLY; please use a more specific location for current checklists),EC-P,02 Jul 2004,L5130044,S102099845,,1
2048,4623,species,Collared Inca,Coeligena torquata,1,Tandayapa-Bellavista general area (*HISTORICAL DATA ONLY; please use a more specific location for current checklists),EC-P,02 Jul 2004,L5130044,S102099845,,1
2049,4478,species,Violet-tailed Sylph,Aglaiocercus coelestis,1,Tandayapa-Bellavista general area (*HISTORICAL DATA ONLY; please use a more specific location for current checklists),EC-P,02 Jul 2004,L5130044,S102099845,,1
2050,4460,species,Speckled Hummingbird,Adelomyia melanogenys,1,Tandayapa-Bellavista general area (*HISTORICAL DATA ONLY; please use a more specific location for current checklists),EC-P,02 Jul 2004,L5130044,S102099845,,1
2051,4354,species,Sparkling Violetear,Colibri coruscans,1,Tandayapa-Bellavista general area (*HISTORICAL DATA ONLY; please use a more specific location for current checklists),EC-P,02 Jul 2004,L5130044,S102099845,,1
2052,3751,species,Common Potoo,Nyctibius griseus,1,Tandayapa-Bellavista general area (*HISTORICAL DATA ONLY; please use a more specific location for current checklists),EC-P,02 Jul 2004,L5130044,S102099845,,1
2053,1980,species,Plumbeous Pigeon,Patagioenas plumbea,1,Tandayapa-Bellavista general area (*HISTORICAL DATA ONLY; please use a more specific location for current checklists),EC-P,02 Jul 2004,L5130044,S102099845,,1
2054,23957,species,Black-capped Donacobius,Donacobius atricapilla,1,Río Napo--Isla Anaconda/nearby small river islands,EC-D,29 Jun 2004,L947605,S102086721,,1
2055,12960,species,Mealy Amazon,Amazona farinosa,1,Río Napo--Isla Anaconda/nearby small river islands,EC-D,29 Jun 2004,L947605,S102086721,,1
2056,10458,species,Black-fronted Nunbird,Monasa nigrifrons,1,Río Napo--Isla Anaconda/nearby small river islands,EC-D,29 Jun 2004,L947605,S102086721,,1
2057,4952,species,Violet Sabrewing,Campylopterus hemileucurus,1,La Paz Waterfall Gardens,CR-H,20 Jul 2003,L445844,S102217407,,1
2058,21216,species,White-throated Magpie-Jay,Cyanocorax formosus,1,Punta Leona Resort--forest reserve,CR-P,23 Feb 2001,L1574928,S102207805,,1
620,367,species,Red-breasted Goose,Branta ruficollis,1,Île Rousseau,CH-GE,02 Feb 2019,L2768491,S52290326,X,0
621,275,species,Graylag Goose,Anser anser,1,Île Rousseau,CH-GE,02 Feb 2019,L2768491,S52290326,X,0
669,457,species,Mandarin Duck,Aix galericulata,1,Burnaby Lake--Piper Spit,CA-BC,18 Oct 2018,L843052,S49282274,X,0
146,7466,hybrid,White x Scarlet Ibis (hybrid),Eudocimus albus x ruber,1,SFF Los Flamencos--Resguardo Perratpu/Boca de Camarones,CO-LAG,09 Apr 2025,L2080823,S224132243,,0
308,33959,hybrid,Brewster's Warbler (hybrid),Vermivora chrysoptera x cyanoptera (F1 hybrid),1,Magee Marsh--Boardwalk,US-OH,03 May 2024,L275986,S171710934,,0
309,6803,spuh,tern sp.,Sterninae sp.,6,Metzger Marsh--Woodlot,US-OH,29 Apr 2024,L3594591,S171007852,,0
428,16997,spuh,Empidonax sp.,Empidonax sp.,1,Point Pelee NP--Tip,CA-ON,08 May 2022,L611224,S109319646,,0
432,13215,spuh,parakeet sp.,Psittaciformes sp. (parakeet sp.),2,Greynolds Park,US-FL,07 Apr 2022,L127421,S106452190,N,0
499,4199,spuh,swift sp.,Apodidae sp.,6,Camino Mata Ahogados - Altos del María,PA-8,11 Nov 2019,L7201491,S61375143,,0
505,394,spuh,swan sp.,Cygnus sp.,1,Metzger Marsh--Bono Rd. Entrance,US-OH,30 Apr 2019,L3594554,S55603095,,0
666,6619,spuh,gull sp.,Larinae sp.,,Point Roberts jetties,US-WA,19 Oct 2018,L2027791,S49298451,,0
686,6755,slash,Forster's/Common Tern,Sterna forsteri/hirundo,,Hillman Marsh CA--shorebird cell,CA-ON,10 May 2018,L2996147,S45529879,,0
943,10893,slash,Collared/Pale-mandibled Aracari,Pteroglossus torquatus/erythropygius,1,Canopy Camp,PA-5,02 Apr 2017,L3379895,S35679439,,0
1048,34132,slash,Northern/Mangrove Yellow Warbler,Setophaga aestiva/petechia,2,"8.4766x-80.2463 - Nov 14, 2016, 7:38 AM",PA-2,14 Nov 2016,L5082367,S32556414,,0
1141,6155,slash,Lesser/Greater Yellowlegs,Tringa flavipes/melanoleuca,1,Mersea Rd 2 west bridge,CA-ON,17 May 2015,L3619669,S23499051,,0
1142,16958,slash,Alder/Willow Flycatcher (Traill's Flycatcher),Empidonax alnorum/traillii,1,Point Pelee NP--Tip,CA-ON,17 May 2015,L611224,S23490886,,0
1183,33050,spuh,stripe-headed brushfinch sp.,Arremon sp. (torquatus complex),1,Reserva Ecológica Río Blanco--Lodge,CO-CAL,19 Dec 2014,L1252500,S20957406,,0
1316,3118,slash,White-browed/Burchell's Coucal,Centropus superciliosus/burchellii,,Okavango Delta--Moremi GR (Please use more specific locations),BW-NW,14 Oct 2014,L1084531,S20697106,,0
1447,3160,spuh,coucal sp.,Centropus sp.,,Kruger NP--Letaba-Olifants Rd,ZA-LP,26 Sep 2014,L2355950,S20351042,,0
1488,413,spuh,goose sp.,Anatidae (goose sp.),1,Colonel Samuel Smith Park,CA-ON,09 Sep 2014,L421884,S19783790,,0
1518,708,slash,Greater/Lesser Scaup,Aythya marila/affinis,1,Colonel Samuel Smith Park,CA-ON,30 Apr 2014,L421884,S18152280,,0
1552,7783,spuh,white egret sp.,Egretta/Ardea sp.,1,San Elijo Lagoon--west,US-CA,16 Oct 2013,L761141,S15420955,,0
1647,7470,slash,Glossy/White-faced Ibis,Plegadis falcinellus/chihi,,Paynes Prairie Preserve SP--East of US 441 (Please consider using a more specific location/hotspot),US-FL,17 Dec 2012,L127275,S15370904,,0
